2026-08-30T11:28:11.883Z ERROR    loader Cannot connect to the database: connection failed: connection to server at "127.0.0.1", port 5432 failed: FATAL:  password authentication failed for user "onbalans"
Multiple connection attempts failed. All failures were:
- host: 'localhost', port: '5432', hostaddr: '::1': connection failed: connection to server at "::1", port 5432 failed: FATAL:  password authentication failed for user "onbalans"
- host: 'localhost', port: '5432', hostaddr: '127.0.0.1': connection failed: connection to server at "127.0.0.1", port 5432 failed: FATAL:  password authentication failed for user "onbalans"
2026-08-30T11:31:24.159Z ERROR    loader Cannot connect to the database: connection failed: connection to server at "127.0.0.1", port 5432 failed: FATAL:  password authentication failed for user "onbalans"
Multiple connection attempts failed. All failures were:
- host: 'localhost', port: '5432', hostaddr: '::1': connection failed: connection to server at "::1", port 5432 failed: FATAL:  password authentication failed for user "onbalans"
- host: 'localhost', port: '5432', hostaddr: '127.0.0.1': connection failed: connection to server at "127.0.0.1", port 5432 failed: FATAL:  password authentication failed for user "onbalans"
2026-08-30T11:32:56.009Z ERROR    loader Cannot connect to the database: connection failed: connection to server at "127.0.0.1", port 5432 failed: FATAL:  password authentication failed for user "onbalans"
Multiple connection attempts failed. All failures were:
- host: 'localhost', port: '5432', hostaddr: '::1': connection failed: connection to server at "::1", port 5432 failed: FATAL:  password authentication failed for user "onbalans"
- host: 'localhost', port: '5432', hostaddr: '127.0.0.1': connection failed: connection to server at "127.0.0.1", port 5432 failed: FATAL:  password authentication failed for user "onbalans"
2026-08-30T11:37:54.113Z ERROR    loader Cannot connect to the database: connection failed: connection to server at "127.0.0.1", port 5432 failed: FATAL:  password authentication failed for user "onbalans"
Multiple connection attempts failed. All failures were:
- host: 'localhost', port: '5432', hostaddr: '::1': connection failed: connection to server at "::1", port 5432 failed: FATAL:  password authentication failed for user "onbalans"
- host: 'localhost', port: '5432', hostaddr: '127.0.0.1': connection failed: connection to server at "127.0.0.1", port 5432 failed: FATAL:  password authentication failed for user "onbalans"
2026-08-30T11:42:59.961Z ERROR    loader Cannot connect to the database: connection failed: connection to server at "127.0.0.1", port 5432 failed: FATAL:  password authentication failed for user "onbalans"
Multiple connection attempts failed. All failures were:
- host: 'localhost', port: '5432', hostaddr: '::1': connection failed: connection to server at "::1", port 5432 failed: FATAL:  password authentication failed for user "onbalans"
- host: 'localhost', port: '5432', hostaddr: '127.0.0.1': connection failed: connection to server at "127.0.0.1", port 5432 failed: FATAL:  password authentication failed for user "onbalans"
2026-08-30T11:45:08.934Z ERROR    loader Cannot connect to the database: connection failed: connection to server at "127.0.0.1", port 5432 failed: FATAL:  password authentication failed for user "onbalans"
Multiple connection attempts failed. All failures were:
- host: 'localhost', port: '5432', hostaddr: '::1': connection failed: connection to server at "::1", port 5432 failed: FATAL:  password authentication failed for user "onbalans"
- host: 'localhost', port: '5432', hostaddr: '127.0.0.1': connection failed: connection to server at "127.0.0.1", port 5432 failed: FATAL:  password authentication failed for user "onbalans"
2026-08-30T11:47:35.000Z ERROR    loader Cannot connect to the database: connection failed: connection to server at "127.0.0.1", port 5432 failed: FATAL:  password authentication failed for user "onbalans"
2026-08-30T11:50:49.931Z ERROR    loader Cannot connect to the database: connection failed: connection to server at "127.0.0.1", port 5432 failed: FATAL:  password authentication failed for user "onbalans"
2026-08-30T12:05:39.386Z INFO     loader 154 files found, 0 already loaded.
2026-08-30T12:05:40.032Z INFO     loader responses-2026-08-23T11.jsonl: 14 responses, 2100 points -> 163 unique (163 new, 0 changed)
2026-08-30T12:05:40.918Z INFO     loader responses-2026-08-23T12.jsonl: 230 responses, 34500 points -> 379 unique (379 new, 0 changed)
2026-08-30T12:05:41.949Z INFO     loader responses-2026-08-23T13.jsonl: 300 responses, 45000 points -> 449 unique (300 new, 0 changed)
2026-08-30T12:05:42.887Z INFO     loader responses-2026-08-23T14.jsonl: 300 responses, 45000 points -> 449 unique (300 new, 0 changed)
2026-08-30T12:05:43.561Z INFO     loader responses-2026-08-23T15.jsonl: 300 responses, 45000 points -> 449 unique (300 new, 0 changed)
2026-08-30T12:05:43.999Z INFO     loader responses-2026-08-23T16.jsonl: 238 responses, 35700 points -> 449 unique (300 new, 0 changed)
2026-08-30T12:05:45.504Z INFO     loader responses-2026-08-23T17.jsonl: 300 responses, 45000 points -> 449 unique (300 new, 0 changed)
2026-08-30T12:05:47.208Z INFO     loader responses-2026-08-23T18.jsonl: 300 responses, 45000 points -> 449 unique (300 new, 0 changed)
2026-08-30T12:05:49.280Z INFO     loader responses-2026-08-23T19.jsonl: 300 responses, 45000 points -> 449 unique (300 new, 0 changed)
2026-08-30T12:05:50.199Z INFO     loader responses-2026-08-23T20.jsonl: 300 responses, 45000 points -> 449 unique (300 new, 0 changed)
2026-08-30T12:05:51.329Z INFO     loader responses-2026-08-23T21.jsonl: 300 responses, 45000 points -> 449 unique (300 new, 0 changed)
2026-08-30T12:05:52.867Z INFO     loader responses-2026-08-23T22.jsonl: 300 responses, 45000 points -> 449 unique (300 new, 0 changed)
2026-08-30T12:05:54.135Z INFO     loader responses-2026-08-23T23.jsonl: 300 responses, 45000 points -> 449 unique (300 new, 0 changed)
2026-08-30T12:05:55.101Z INFO     loader responses-2026-08-24T00.jsonl: 300 responses, 45000 points -> 449 unique (300 new, 0 changed)
2026-08-30T12:05:55.812Z INFO     loader responses-2026-08-24T01.jsonl: 300 responses, 45000 points -> 449 unique (300 new, 0 changed)
2026-08-30T12:05:56.452Z INFO     loader responses-2026-08-24T02.jsonl: 300 responses, 45000 points -> 449 unique (300 new, 0 changed)
2026-08-30T12:05:57.565Z INFO     loader responses-2026-08-24T03.jsonl: 300 responses, 45000 points -> 449 unique (300 new, 0 changed)
2026-08-30T12:05:58.001Z INFO     loader responses-2026-08-24T04.jsonl: 133 responses, 19950 points -> 431 unique (282 new, 0 changed)
2026-08-30T12:05:58.485Z INFO     loader responses-2026-08-24T05.jsonl: 300 responses, 45000 points -> 449 unique (300 new, 0 changed)
2026-08-30T12:05:59.027Z INFO     loader responses-2026-08-24T06.jsonl: 300 responses, 45000 points -> 449 unique (300 new, 0 changed)
2026-08-30T12:06:00.523Z INFO     loader responses-2026-08-24T07.jsonl: 300 responses, 45000 points -> 449 unique (300 new, 0 changed)
2026-08-30T12:06:01.532Z INFO     loader responses-2026-08-24T08.jsonl: 300 responses, 45000 points -> 449 unique (300 new, 0 changed)
2026-08-30T12:06:02.166Z INFO     loader responses-2026-08-24T09.jsonl: 300 responses, 45000 points -> 449 unique (300 new, 0 changed)
2026-08-30T12:06:02.928Z INFO     loader responses-2026-08-24T10.jsonl: 300 responses, 45000 points -> 449 unique (300 new, 0 changed)
2026-08-30T12:06:03.636Z INFO     loader responses-2026-08-24T11.jsonl: 300 responses, 45000 points -> 449 unique (300 new, 0 changed)
2026-08-30T12:06:04.275Z INFO     loader responses-2026-08-24T12.jsonl: 300 responses, 45000 points -> 449 unique (300 new, 0 changed)
2026-08-30T12:06:04.818Z INFO     loader responses-2026-08-24T13.jsonl: 263 responses, 39450 points -> 449 unique (300 new, 0 changed)
2026-08-30T12:06:05.361Z INFO     loader responses-2026-08-24T14.jsonl: 300 responses, 45000 points -> 449 unique (300 new, 0 changed)
2026-08-30T12:06:06.125Z INFO     loader responses-2026-08-24T15.jsonl: 300 responses, 45000 points -> 449 unique (300 new, 0 changed)
2026-08-30T12:06:06.975Z INFO     loader responses-2026-08-24T16.jsonl: 300 responses, 45000 points -> 449 unique (300 new, 0 changed)
2026-08-30T12:06:07.639Z INFO     loader responses-2026-08-24T17.jsonl: 294 responses, 44100 points -> 449 unique (300 new, 0 changed)
2026-08-30T12:06:08.164Z INFO     loader responses-2026-08-24T18.jsonl: 300 responses, 45000 points -> 449 unique (300 new, 0 changed)
2026-08-30T12:06:08.659Z INFO     loader responses-2026-08-24T19.jsonl: 300 responses, 45000 points -> 449 unique (300 new, 0 changed)
2026-08-30T12:06:09.241Z INFO     loader responses-2026-08-24T20.jsonl: 300 responses, 45000 points -> 449 unique (300 new, 0 changed)
2026-08-30T12:06:09.860Z INFO     loader responses-2026-08-24T21.jsonl: 300 responses, 45000 points -> 449 unique (300 new, 0 changed)
2026-08-30T12:06:10.498Z INFO     loader responses-2026-08-24T22.jsonl: 300 responses, 45000 points -> 449 unique (300 new, 0 changed)
2026-08-30T12:06:11.191Z INFO     loader responses-2026-08-24T23.jsonl: 300 responses, 45000 points -> 449 unique (300 new, 0 changed)
2026-08-30T12:06:11.865Z INFO     loader responses-2026-08-25T00.jsonl: 300 responses, 45000 points -> 449 unique (300 new, 0 changed)
2026-08-30T12:06:12.519Z INFO     loader responses-2026-08-25T01.jsonl: 300 responses, 45000 points -> 449 unique (300 new, 0 changed)
2026-08-30T12:06:13.099Z INFO     loader responses-2026-08-25T02.jsonl: 300 responses, 45000 points -> 449 unique (300 new, 0 changed)
2026-08-30T12:06:13.605Z INFO     loader responses-2026-08-25T03.jsonl: 298 responses, 44700 points -> 449 unique (300 new, 0 changed)
2026-08-30T12:06:14.111Z INFO     loader responses-2026-08-25T04.jsonl: 300 responses, 45000 points -> 449 unique (300 new, 0 changed)
2026-08-30T12:06:14.605Z INFO     loader responses-2026-08-25T05.jsonl: 300 responses, 45000 points -> 449 unique (300 new, 0 changed)
2026-08-30T12:06:15.115Z INFO     loader responses-2026-08-25T06.jsonl: 300 responses, 45000 points -> 449 unique (300 new, 0 changed)
2026-08-30T12:06:15.671Z INFO     loader responses-2026-08-25T07.jsonl: 300 responses, 45000 points -> 449 unique (300 new, 0 changed)
2026-08-30T12:06:16.237Z INFO     loader responses-2026-08-25T08.jsonl: 300 responses, 45000 points -> 449 unique (300 new, 0 changed)
2026-08-30T12:06:16.781Z INFO     loader responses-2026-08-25T09.jsonl: 300 responses, 45000 points -> 449 unique (300 new, 0 changed)
2026-08-30T12:06:17.361Z INFO     loader responses-2026-08-25T10.jsonl: 300 responses, 45000 points -> 449 unique (300 new, 0 changed)
2026-08-30T12:06:18.202Z INFO     loader responses-2026-08-25T11.jsonl: 300 responses, 45000 points -> 449 unique (300 new, 0 changed)
2026-08-30T12:06:18.827Z INFO     loader responses-2026-08-25T12.jsonl: 300 responses, 45000 points -> 449 unique (300 new, 0 changed)
2026-08-30T12:06:19.914Z INFO     loader responses-2026-08-25T13.jsonl: 300 responses, 45000 points -> 449 unique (300 new, 0 changed)
2026-08-30T12:06:21.014Z INFO     loader responses-2026-08-25T14.jsonl: 300 responses, 45000 points -> 449 unique (300 new, 0 changed)
2026-08-30T12:06:21.705Z INFO     loader responses-2026-08-25T15.jsonl: 300 responses, 45000 points -> 449 unique (300 new, 0 changed)
2026-08-30T12:06:22.993Z INFO     loader responses-2026-08-25T16.jsonl: 300 responses, 45000 points -> 449 unique (300 new, 0 changed)
2026-08-30T12:06:23.548Z INFO     loader responses-2026-08-25T17.jsonl: 300 responses, 45000 points -> 449 unique (300 new, 0 changed)
2026-08-30T12:06:24.174Z INFO     loader responses-2026-08-25T18.jsonl: 300 responses, 45000 points -> 449 unique (300 new, 0 changed)
2026-08-30T12:06:24.750Z INFO     loader responses-2026-08-25T19.jsonl: 300 responses, 45000 points -> 449 unique (300 new, 0 changed)
2026-08-30T12:06:25.242Z INFO     loader responses-2026-08-25T20.jsonl: 300 responses, 45000 points -> 449 unique (300 new, 0 changed)
2026-08-30T12:06:25.827Z INFO     loader responses-2026-08-25T21.jsonl: 300 responses, 45000 points -> 449 unique (300 new, 0 changed)
2026-08-30T12:06:26.340Z INFO     loader responses-2026-08-25T22.jsonl: 300 responses, 45000 points -> 449 unique (300 new, 0 changed)
2026-08-30T12:06:26.954Z INFO     loader responses-2026-08-25T23.jsonl: 300 responses, 45000 points -> 449 unique (300 new, 0 changed)
2026-08-30T12:06:27.604Z INFO     loader responses-2026-08-26T00.jsonl: 300 responses, 45000 points -> 449 unique (300 new, 0 changed)
2026-08-30T12:06:28.121Z INFO     loader responses-2026-08-26T01.jsonl: 300 responses, 45000 points -> 449 unique (300 new, 0 changed)
2026-08-30T12:06:28.660Z INFO     loader responses-2026-08-26T02.jsonl: 300 responses, 45000 points -> 449 unique (300 new, 0 changed)
2026-08-30T12:06:29.234Z INFO     loader responses-2026-08-26T03.jsonl: 300 responses, 45000 points -> 449 unique (300 new, 0 changed)
2026-08-30T12:06:30.200Z INFO     loader responses-2026-08-26T04.jsonl: 300 responses, 45000 points -> 449 unique (300 new, 0 changed)
2026-08-30T12:06:31.063Z INFO     loader responses-2026-08-26T05.jsonl: 300 responses, 45000 points -> 449 unique (300 new, 0 changed)
2026-08-30T12:06:31.730Z INFO     loader responses-2026-08-26T06.jsonl: 300 responses, 45000 points -> 449 unique (300 new, 0 changed)
2026-08-30T12:06:32.240Z INFO     loader responses-2026-08-26T07.jsonl: 300 responses, 45000 points -> 449 unique (300 new, 0 changed)
2026-08-30T12:06:32.935Z INFO     loader responses-2026-08-26T08.jsonl: 260 responses, 39000 points -> 449 unique (300 new, 0 changed)
2026-08-30T12:06:33.599Z INFO     loader responses-2026-08-26T09.jsonl: 300 responses, 45000 points -> 449 unique (300 new, 0 changed)
2026-08-30T12:06:34.346Z INFO     loader responses-2026-08-26T10.jsonl: 300 responses, 45000 points -> 449 unique (300 new, 0 changed)
2026-08-30T12:06:35.398Z INFO     loader responses-2026-08-26T11.jsonl: 300 responses, 45000 points -> 449 unique (300 new, 0 changed)
2026-08-30T12:06:36.096Z INFO     loader responses-2026-08-26T12.jsonl: 300 responses, 45000 points -> 449 unique (300 new, 0 changed)
2026-08-30T12:06:36.764Z INFO     loader responses-2026-08-26T13.jsonl: 298 responses, 44700 points -> 449 unique (300 new, 0 changed)
2026-08-30T12:06:37.366Z INFO     loader responses-2026-08-26T14.jsonl: 228 responses, 34200 points -> 377 unique (228 new, 0 changed)
2026-08-30T12:06:38.185Z INFO     loader responses-2026-08-27T05.jsonl: 229 responses, 34350 points -> 378 unique (378 new, 0 changed)
2026-08-30T12:06:38.770Z INFO     loader responses-2026-08-27T06.jsonl: 300 responses, 45000 points -> 449 unique (300 new, 0 changed)
2026-08-30T12:06:39.430Z INFO     loader responses-2026-08-27T07.jsonl: 300 responses, 45000 points -> 449 unique (300 new, 0 changed)
2026-08-30T12:06:40.727Z INFO     loader responses-2026-08-27T08.jsonl: 300 responses, 45000 points -> 449 unique (300 new, 0 changed)
2026-08-30T12:06:41.365Z INFO     loader responses-2026-08-27T09.jsonl: 300 responses, 45000 points -> 449 unique (300 new, 0 changed)
2026-08-30T12:06:42.008Z INFO     loader responses-2026-08-27T10.jsonl: 225 responses, 33750 points -> 374 unique (225 new, 0 changed)
2026-08-30T12:06:42.209Z INFO     loader responses-2026-08-27T11.jsonl: 37 responses, 5550 points -> 186 unique (186 new, 0 changed)
2026-08-30T12:06:42.961Z INFO     loader responses-2026-08-27T12.jsonl: 300 responses, 45000 points -> 449 unique (300 new, 0 changed)
2026-08-30T12:06:43.426Z INFO     loader responses-2026-08-27T13.jsonl: 249 responses, 37350 points -> 398 unique (249 new, 0 changed)
2026-08-30T12:06:43.681Z INFO     loader responses-2026-08-27T14.jsonl: 124 responses, 18600 points -> 273 unique (273 new, 0 changed)
2026-08-30T12:06:44.560Z INFO     loader responses-2026-08-27T15.jsonl: 300 responses, 45000 points -> 449 unique (300 new, 0 changed)
2026-08-30T12:06:45.225Z INFO     loader responses-2026-08-27T16.jsonl: 300 responses, 45000 points -> 449 unique (300 new, 0 changed)
2026-08-30T12:06:45.865Z INFO     loader responses-2026-08-27T17.jsonl: 300 responses, 45000 points -> 449 unique (300 new, 0 changed)
2026-08-30T12:06:46.535Z INFO     loader responses-2026-08-27T18.jsonl: 300 responses, 45000 points -> 449 unique (300 new, 0 changed)
2026-08-30T12:06:47.315Z INFO     loader responses-2026-08-27T19.jsonl: 300 responses, 45000 points -> 449 unique (300 new, 0 changed)
2026-08-30T12:06:48.030Z INFO     loader responses-2026-08-27T20.jsonl: 298 responses, 44700 points -> 449 unique (300 new, 0 changed)
2026-08-30T12:06:48.628Z INFO     loader responses-2026-08-27T21.jsonl: 300 responses, 45000 points -> 449 unique (300 new, 0 changed)
2026-08-30T12:06:49.148Z INFO     loader responses-2026-08-27T22.jsonl: 300 responses, 45000 points -> 449 unique (300 new, 0 changed)
2026-08-30T12:06:50.054Z INFO     loader responses-2026-08-27T23.jsonl: 300 responses, 45000 points -> 449 unique (300 new, 0 changed)
2026-08-30T12:06:51.223Z INFO     loader responses-2026-08-28T00.jsonl: 300 responses, 45000 points -> 449 unique (300 new, 0 changed)
2026-08-30T12:06:52.015Z INFO     loader responses-2026-08-28T01.jsonl: 300 responses, 45000 points -> 449 unique (300 new, 0 changed)
2026-08-30T12:06:53.654Z INFO     loader responses-2026-08-28T02.jsonl: 300 responses, 45000 points -> 449 unique (300 new, 0 changed)
2026-08-30T12:06:56.044Z INFO     loader responses-2026-08-28T03.jsonl: 300 responses, 45000 points -> 449 unique (300 new, 0 changed)
2026-08-30T12:06:56.868Z INFO     loader responses-2026-08-28T04.jsonl: 300 responses, 45000 points -> 449 unique (300 new, 0 changed)
2026-08-30T12:06:57.910Z INFO     loader responses-2026-08-28T05.jsonl: 300 responses, 45000 points -> 449 unique (300 new, 0 changed)
2026-08-30T12:06:58.003Z INFO     loader responses-2026-08-28T06.jsonl: 3 responses, 450 points -> 152 unique (3 new, 0 changed)
2026-08-30T12:06:58.649Z INFO     loader responses-2026-08-28T09.jsonl: 279 responses, 41850 points -> 438 unique (438 new, 0 changed)
2026-08-30T12:06:59.419Z INFO     loader responses-2026-08-28T10.jsonl: 300 responses, 45000 points -> 449 unique (300 new, 0 changed)
2026-08-30T12:07:00.316Z INFO     loader responses-2026-08-28T11.jsonl: 274 responses, 41100 points -> 449 unique (300 new, 0 changed)
2026-08-30T12:07:01.147Z INFO     loader responses-2026-08-28T12.jsonl: 300 responses, 45000 points -> 449 unique (300 new, 0 changed)
2026-08-30T12:07:01.822Z INFO     loader responses-2026-08-28T13.jsonl: 300 responses, 45000 points -> 449 unique (300 new, 0 changed)
2026-08-30T12:07:02.297Z INFO     loader responses-2026-08-28T14.jsonl: 205 responses, 30750 points -> 354 unique (205 new, 0 changed)
2026-08-30T12:07:02.903Z INFO     loader responses-2026-08-28T15.jsonl: 242 responses, 36300 points -> 391 unique (391 new, 0 changed)
2026-08-30T12:07:03.689Z INFO     loader responses-2026-08-28T16.jsonl: 300 responses, 45000 points -> 449 unique (300 new, 0 changed)
2026-08-30T12:07:04.418Z INFO     loader responses-2026-08-28T17.jsonl: 300 responses, 45000 points -> 449 unique (300 new, 0 changed)
2026-08-30T12:07:05.033Z INFO     loader responses-2026-08-28T18.jsonl: 300 responses, 45000 points -> 449 unique (300 new, 0 changed)
2026-08-30T12:07:05.841Z INFO     loader responses-2026-08-28T19.jsonl: 300 responses, 45000 points -> 449 unique (300 new, 0 changed)
2026-08-30T12:07:06.556Z INFO     loader responses-2026-08-28T20.jsonl: 300 responses, 45000 points -> 449 unique (300 new, 0 changed)
2026-08-30T12:07:07.182Z INFO     loader responses-2026-08-28T21.jsonl: 300 responses, 45000 points -> 449 unique (300 new, 0 changed)
2026-08-30T12:07:07.985Z INFO     loader responses-2026-08-28T22.jsonl: 300 responses, 45000 points -> 449 unique (300 new, 0 changed)
2026-08-30T12:07:08.643Z INFO     loader responses-2026-08-28T23.jsonl: 300 responses, 45000 points -> 449 unique (300 new, 0 changed)
2026-08-30T12:07:09.384Z INFO     loader responses-2026-08-29T00.jsonl: 300 responses, 45000 points -> 449 unique (300 new, 0 changed)
2026-08-30T12:07:10.450Z INFO     loader responses-2026-08-29T01.jsonl: 300 responses, 45000 points -> 449 unique (300 new, 0 changed)
2026-08-30T12:07:11.237Z INFO     loader responses-2026-08-29T02.jsonl: 300 responses, 45000 points -> 449 unique (300 new, 0 changed)
2026-08-30T12:07:11.831Z INFO     loader responses-2026-08-29T03.jsonl: 178 responses, 26700 points -> 449 unique (300 new, 0 changed)
2026-08-30T12:07:12.601Z INFO     loader responses-2026-08-29T04.jsonl: 291 responses, 43650 points -> 449 unique (300 new, 0 changed)
2026-08-30T12:07:13.181Z INFO     loader responses-2026-08-29T05.jsonl: 263 responses, 39450 points -> 449 unique (300 new, 0 changed)
2026-08-30T12:07:14.352Z INFO     loader responses-2026-08-29T06.jsonl: 300 responses, 45000 points -> 449 unique (300 new, 0 changed)
2026-08-30T12:07:14.894Z INFO     loader responses-2026-08-29T07.jsonl: 300 responses, 45000 points -> 449 unique (300 new, 0 changed)
2026-08-30T12:07:15.408Z INFO     loader responses-2026-08-29T08.jsonl: 300 responses, 45000 points -> 449 unique (300 new, 0 changed)
2026-08-30T12:07:15.959Z INFO     loader responses-2026-08-29T09.jsonl: 300 responses, 45000 points -> 449 unique (300 new, 0 changed)
2026-08-30T12:07:16.472Z INFO     loader responses-2026-08-29T10.jsonl: 300 responses, 45000 points -> 449 unique (300 new, 0 changed)
2026-08-30T12:07:17.012Z INFO     loader responses-2026-08-29T11.jsonl: 300 responses, 45000 points -> 449 unique (300 new, 0 changed)
2026-08-30T12:07:17.975Z INFO     loader responses-2026-08-29T12.jsonl: 300 responses, 45000 points -> 449 unique (300 new, 0 changed)
2026-08-30T12:07:18.484Z INFO     loader responses-2026-08-29T13.jsonl: 300 responses, 45000 points -> 449 unique (300 new, 0 changed)
2026-08-30T12:07:18.997Z INFO     loader responses-2026-08-29T14.jsonl: 300 responses, 45000 points -> 449 unique (300 new, 0 changed)
2026-08-30T12:07:20.395Z INFO     loader responses-2026-08-29T15.jsonl: 300 responses, 45000 points -> 449 unique (300 new, 0 changed)
2026-08-30T12:07:21.429Z INFO     loader responses-2026-08-29T16.jsonl: 300 responses, 45000 points -> 449 unique (300 new, 0 changed)
2026-08-30T12:07:21.784Z INFO     loader responses-2026-08-29T17.jsonl: 95 responses, 14250 points -> 393 unique (244 new, 0 changed)
2026-08-30T12:07:22.526Z INFO     loader responses-2026-08-29T18.jsonl: 300 responses, 45000 points -> 449 unique (300 new, 0 changed)
2026-08-30T12:07:23.324Z INFO     loader responses-2026-08-29T19.jsonl: 300 responses, 45000 points -> 449 unique (300 new, 0 changed)
2026-08-30T12:07:24.043Z INFO     loader responses-2026-08-29T20.jsonl: 300 responses, 45000 points -> 449 unique (300 new, 0 changed)
2026-08-30T12:07:24.778Z INFO     loader responses-2026-08-29T21.jsonl: 300 responses, 45000 points -> 449 unique (300 new, 0 changed)
2026-08-30T12:07:25.356Z INFO     loader responses-2026-08-29T22.jsonl: 300 responses, 45000 points -> 449 unique (300 new, 0 changed)
2026-08-30T12:07:25.973Z INFO     loader responses-2026-08-29T23.jsonl: 300 responses, 45000 points -> 449 unique (300 new, 0 changed)
2026-08-30T12:07:26.513Z INFO     loader responses-2026-08-30T00.jsonl: 300 responses, 45000 points -> 449 unique (300 new, 0 changed)
2026-08-30T12:07:27.067Z INFO     loader responses-2026-08-30T01.jsonl: 300 responses, 45000 points -> 449 unique (300 new, 0 changed)
2026-08-30T12:07:27.629Z INFO     loader responses-2026-08-30T02.jsonl: 300 responses, 45000 points -> 449 unique (300 new, 0 changed)
2026-08-30T12:07:28.182Z INFO     loader responses-2026-08-30T03.jsonl: 300 responses, 45000 points -> 449 unique (300 new, 0 changed)
2026-08-30T12:07:28.704Z INFO     loader responses-2026-08-30T04.jsonl: 300 responses, 45000 points -> 449 unique (300 new, 0 changed)
2026-08-30T12:07:29.320Z INFO     loader responses-2026-08-30T05.jsonl: 300 responses, 45000 points -> 449 unique (300 new, 0 changed)
2026-08-30T12:07:30.283Z INFO     loader responses-2026-08-30T06.jsonl: 300 responses, 45000 points -> 449 unique (300 new, 0 changed)
2026-08-30T12:07:30.907Z INFO     loader responses-2026-08-30T07.jsonl: 300 responses, 45000 points -> 449 unique (300 new, 0 changed)
2026-08-30T12:07:31.561Z INFO     loader responses-2026-08-30T08.jsonl: 300 responses, 45000 points -> 449 unique (300 new, 0 changed)
2026-08-30T12:07:32.123Z INFO     loader responses-2026-08-30T09.jsonl: 300 responses, 45000 points -> 449 unique (300 new, 0 changed)
2026-08-30T12:07:32.792Z INFO     loader responses-2026-08-30T10.jsonl: 300 responses, 45000 points -> 449 unique (300 new, 0 changed)
2026-08-30T12:07:33.341Z INFO     loader responses-2026-08-30T11.jsonl: 300 responses, 45000 points -> 449 unique (300 new, 0 changed)
2026-08-30T12:07:33.484Z INFO     loader responses-2026-08-30T12.jsonl: 38 responses, 5700 points -> 187 unique (38 new, 0 changed)  [not marked: newest file]
2026-08-30T15:55:42.063Z INFO     loader 157 files found, 0 already loaded.
2026-08-30T15:55:43.924Z INFO     loader responses-2026-08-23T11.jsonl: 14 responses, 2100 points -> 163 unique (0 new, 0 changed)
2026-08-30T15:55:44.713Z INFO     loader responses-2026-08-23T12.jsonl: 230 responses, 34500 points -> 379 unique (0 new, 0 changed)
2026-08-30T15:55:45.387Z INFO     loader responses-2026-08-23T13.jsonl: 300 responses, 45000 points -> 449 unique (0 new, 0 changed)
2026-08-30T15:55:46.062Z INFO     loader responses-2026-08-23T14.jsonl: 300 responses, 45000 points -> 449 unique (0 new, 0 changed)
2026-08-30T15:55:46.851Z INFO     loader responses-2026-08-23T15.jsonl: 300 responses, 45000 points -> 449 unique (0 new, 0 changed)
2026-08-30T15:55:47.814Z INFO     loader responses-2026-08-23T16.jsonl: 238 responses, 35700 points -> 449 unique (0 new, 0 changed)
2026-08-30T15:55:49.538Z INFO     loader responses-2026-08-23T17.jsonl: 300 responses, 45000 points -> 449 unique (0 new, 0 changed)
2026-08-30T15:55:51.678Z INFO     loader responses-2026-08-23T18.jsonl: 300 responses, 45000 points -> 449 unique (0 new, 0 changed)
2026-08-30T15:55:55.141Z INFO     loader responses-2026-08-23T19.jsonl: 300 responses, 45000 points -> 449 unique (0 new, 0 changed)
2026-08-30T15:55:56.552Z INFO     loader responses-2026-08-23T20.jsonl: 300 responses, 45000 points -> 449 unique (0 new, 0 changed)
2026-08-30T15:55:57.444Z INFO     loader responses-2026-08-23T21.jsonl: 300 responses, 45000 points -> 449 unique (0 new, 0 changed)
2026-08-30T15:55:58.639Z INFO     loader responses-2026-08-23T22.jsonl: 300 responses, 45000 points -> 449 unique (0 new, 0 changed)
2026-08-30T15:55:59.496Z INFO     loader responses-2026-08-23T23.jsonl: 300 responses, 45000 points -> 449 unique (0 new, 0 changed)
2026-08-30T15:56:00.559Z INFO     loader responses-2026-08-24T00.jsonl: 300 responses, 45000 points -> 449 unique (0 new, 0 changed)
2026-08-30T15:56:01.325Z INFO     loader responses-2026-08-24T01.jsonl: 300 responses, 45000 points -> 449 unique (0 new, 0 changed)
2026-08-30T15:56:01.945Z INFO     loader responses-2026-08-24T02.jsonl: 300 responses, 45000 points -> 449 unique (0 new, 0 changed)
2026-08-30T15:56:02.634Z INFO     loader responses-2026-08-24T03.jsonl: 300 responses, 45000 points -> 449 unique (0 new, 0 changed)
2026-08-30T15:56:02.925Z INFO     loader responses-2026-08-24T04.jsonl: 133 responses, 19950 points -> 431 unique (0 new, 0 changed)
2026-08-30T15:56:03.470Z INFO     loader responses-2026-08-24T05.jsonl: 300 responses, 45000 points -> 449 unique (0 new, 0 changed)
2026-08-30T15:56:04.028Z INFO     loader responses-2026-08-24T06.jsonl: 300 responses, 45000 points -> 449 unique (0 new, 0 changed)
2026-08-30T15:56:04.609Z INFO     loader responses-2026-08-24T07.jsonl: 300 responses, 45000 points -> 449 unique (0 new, 0 changed)
2026-08-30T15:56:05.226Z INFO     loader responses-2026-08-24T08.jsonl: 300 responses, 45000 points -> 449 unique (0 new, 0 changed)
2026-08-30T15:56:06.268Z INFO     loader responses-2026-08-24T09.jsonl: 300 responses, 45000 points -> 449 unique (0 new, 0 changed)
2026-08-30T15:56:06.967Z INFO     loader responses-2026-08-24T10.jsonl: 300 responses, 45000 points -> 449 unique (0 new, 0 changed)
2026-08-30T15:56:08.018Z INFO     loader responses-2026-08-24T11.jsonl: 300 responses, 45000 points -> 449 unique (0 new, 0 changed)
2026-08-30T15:56:08.546Z INFO     loader responses-2026-08-24T12.jsonl: 300 responses, 45000 points -> 449 unique (0 new, 0 changed)
2026-08-30T15:56:09.588Z INFO     loader responses-2026-08-24T13.jsonl: 263 responses, 39450 points -> 449 unique (0 new, 0 changed)
2026-08-30T15:56:10.630Z INFO     loader responses-2026-08-24T14.jsonl: 300 responses, 45000 points -> 449 unique (0 new, 0 changed)
2026-08-30T15:56:11.541Z INFO     loader responses-2026-08-24T15.jsonl: 300 responses, 45000 points -> 449 unique (0 new, 0 changed)
2026-08-30T15:56:12.060Z INFO     loader responses-2026-08-24T16.jsonl: 300 responses, 45000 points -> 449 unique (0 new, 0 changed)
2026-08-30T15:56:12.541Z INFO     loader responses-2026-08-24T17.jsonl: 294 responses, 44100 points -> 449 unique (0 new, 0 changed)
2026-08-30T15:56:13.109Z INFO     loader responses-2026-08-24T18.jsonl: 300 responses, 45000 points -> 449 unique (0 new, 0 changed)
2026-08-30T15:56:13.657Z INFO     loader responses-2026-08-24T19.jsonl: 300 responses, 45000 points -> 449 unique (0 new, 0 changed)
2026-08-30T15:56:14.235Z INFO     loader responses-2026-08-24T20.jsonl: 300 responses, 45000 points -> 449 unique (0 new, 0 changed)
2026-08-30T15:56:14.717Z INFO     loader responses-2026-08-24T21.jsonl: 300 responses, 45000 points -> 449 unique (0 new, 0 changed)
2026-08-30T15:56:15.415Z INFO     loader responses-2026-08-24T22.jsonl: 300 responses, 45000 points -> 449 unique (0 new, 0 changed)
2026-08-30T15:56:16.010Z INFO     loader responses-2026-08-24T23.jsonl: 300 responses, 45000 points -> 449 unique (0 new, 0 changed)
2026-08-30T15:56:16.775Z INFO     loader responses-2026-08-25T00.jsonl: 300 responses, 45000 points -> 449 unique (0 new, 0 changed)
2026-08-30T15:56:17.882Z INFO     loader responses-2026-08-25T01.jsonl: 300 responses, 45000 points -> 449 unique (0 new, 0 changed)
2026-08-30T15:56:18.943Z INFO     loader responses-2026-08-25T02.jsonl: 300 responses, 45000 points -> 449 unique (0 new, 0 changed)
2026-08-30T15:56:19.684Z INFO     loader responses-2026-08-25T03.jsonl: 298 responses, 44700 points -> 449 unique (0 new, 0 changed)
2026-08-30T15:56:20.479Z INFO     loader responses-2026-08-25T04.jsonl: 300 responses, 45000 points -> 449 unique (0 new, 0 changed)
2026-08-30T15:56:21.589Z INFO     loader responses-2026-08-25T05.jsonl: 300 responses, 45000 points -> 449 unique (0 new, 0 changed)
2026-08-30T15:56:22.205Z INFO     loader responses-2026-08-25T06.jsonl: 300 responses, 45000 points -> 449 unique (0 new, 0 changed)
2026-08-30T15:56:22.743Z INFO     loader responses-2026-08-25T07.jsonl: 300 responses, 45000 points -> 449 unique (0 new, 0 changed)
2026-08-30T15:56:23.270Z INFO     loader responses-2026-08-25T08.jsonl: 300 responses, 45000 points -> 449 unique (0 new, 0 changed)
2026-08-30T15:56:23.782Z INFO     loader responses-2026-08-25T09.jsonl: 300 responses, 45000 points -> 449 unique (0 new, 0 changed)
2026-08-30T15:56:24.383Z INFO     loader responses-2026-08-25T10.jsonl: 300 responses, 45000 points -> 449 unique (0 new, 0 changed)
2026-08-30T15:56:24.905Z INFO     loader responses-2026-08-25T11.jsonl: 300 responses, 45000 points -> 449 unique (0 new, 0 changed)
2026-08-30T15:56:25.580Z INFO     loader responses-2026-08-25T12.jsonl: 300 responses, 45000 points -> 449 unique (0 new, 0 changed)
2026-08-30T15:56:26.297Z INFO     loader responses-2026-08-25T13.jsonl: 300 responses, 45000 points -> 449 unique (0 new, 0 changed)
2026-08-30T15:56:27.635Z INFO     loader responses-2026-08-25T14.jsonl: 300 responses, 45000 points -> 449 unique (0 new, 0 changed)
2026-08-30T15:56:28.365Z INFO     loader responses-2026-08-25T15.jsonl: 300 responses, 45000 points -> 449 unique (0 new, 0 changed)
2026-08-30T15:56:28.924Z INFO     loader responses-2026-08-25T16.jsonl: 300 responses, 45000 points -> 449 unique (0 new, 0 changed)
2026-08-30T15:56:29.600Z INFO     loader responses-2026-08-25T17.jsonl: 300 responses, 45000 points -> 449 unique (0 new, 0 changed)
2026-08-30T15:56:30.315Z INFO     loader responses-2026-08-25T18.jsonl: 300 responses, 45000 points -> 449 unique (0 new, 0 changed)
2026-08-30T15:56:30.866Z INFO     loader responses-2026-08-25T19.jsonl: 300 responses, 45000 points -> 449 unique (0 new, 0 changed)
2026-08-30T15:56:31.450Z INFO     loader responses-2026-08-25T20.jsonl: 300 responses, 45000 points -> 449 unique (0 new, 0 changed)
2026-08-30T15:56:31.937Z INFO     loader responses-2026-08-25T21.jsonl: 300 responses, 45000 points -> 449 unique (0 new, 0 changed)
2026-08-30T15:56:32.623Z INFO     loader responses-2026-08-25T22.jsonl: 300 responses, 45000 points -> 449 unique (0 new, 0 changed)
2026-08-30T15:56:33.246Z INFO     loader responses-2026-08-25T23.jsonl: 300 responses, 45000 points -> 449 unique (0 new, 0 changed)
2026-08-30T15:56:33.930Z INFO     loader responses-2026-08-26T00.jsonl: 300 responses, 45000 points -> 449 unique (0 new, 0 changed)
2026-08-30T15:56:35.162Z INFO     loader responses-2026-08-26T01.jsonl: 300 responses, 45000 points -> 449 unique (0 new, 0 changed)
2026-08-30T15:56:35.797Z INFO     loader responses-2026-08-26T02.jsonl: 300 responses, 45000 points -> 449 unique (0 new, 0 changed)
2026-08-30T15:56:36.513Z INFO     loader responses-2026-08-26T03.jsonl: 300 responses, 45000 points -> 449 unique (0 new, 0 changed)
2026-08-30T15:56:37.261Z INFO     loader responses-2026-08-26T04.jsonl: 300 responses, 45000 points -> 449 unique (0 new, 0 changed)
2026-08-30T15:56:38.136Z INFO     loader responses-2026-08-26T05.jsonl: 300 responses, 45000 points -> 449 unique (0 new, 0 changed)
2026-08-30T15:56:38.920Z INFO     loader responses-2026-08-26T06.jsonl: 300 responses, 45000 points -> 449 unique (0 new, 0 changed)
2026-08-30T15:56:39.674Z INFO     loader responses-2026-08-26T07.jsonl: 300 responses, 45000 points -> 449 unique (0 new, 0 changed)
2026-08-30T15:56:40.179Z INFO     loader responses-2026-08-26T08.jsonl: 260 responses, 39000 points -> 449 unique (0 new, 0 changed)
2026-08-30T15:56:40.723Z INFO     loader responses-2026-08-26T09.jsonl: 300 responses, 45000 points -> 449 unique (0 new, 0 changed)
2026-08-30T15:56:41.378Z INFO     loader responses-2026-08-26T10.jsonl: 300 responses, 45000 points -> 449 unique (0 new, 0 changed)
2026-08-30T15:56:42.090Z INFO     loader responses-2026-08-26T11.jsonl: 300 responses, 45000 points -> 449 unique (0 new, 0 changed)
2026-08-30T15:56:43.088Z INFO     loader responses-2026-08-26T12.jsonl: 300 responses, 45000 points -> 449 unique (0 new, 0 changed)
2026-08-30T15:56:43.745Z INFO     loader responses-2026-08-26T13.jsonl: 298 responses, 44700 points -> 449 unique (0 new, 0 changed)
2026-08-30T15:56:44.194Z INFO     loader responses-2026-08-26T14.jsonl: 228 responses, 34200 points -> 377 unique (0 new, 0 changed)
2026-08-30T15:56:44.627Z INFO     loader responses-2026-08-27T05.jsonl: 229 responses, 34350 points -> 378 unique (0 new, 0 changed)
2026-08-30T15:56:45.167Z INFO     loader responses-2026-08-27T06.jsonl: 300 responses, 45000 points -> 449 unique (0 new, 0 changed)
2026-08-30T15:56:45.730Z INFO     loader responses-2026-08-27T07.jsonl: 300 responses, 45000 points -> 449 unique (0 new, 0 changed)
2026-08-30T15:56:46.437Z INFO     loader responses-2026-08-27T08.jsonl: 300 responses, 45000 points -> 449 unique (0 new, 0 changed)
2026-08-30T15:56:47.075Z INFO     loader responses-2026-08-27T09.jsonl: 300 responses, 45000 points -> 449 unique (0 new, 0 changed)
2026-08-30T15:56:47.774Z INFO     loader responses-2026-08-27T10.jsonl: 225 responses, 33750 points -> 374 unique (0 new, 0 changed)
2026-08-30T15:56:47.888Z INFO     loader responses-2026-08-27T11.jsonl: 37 responses, 5550 points -> 186 unique (0 new, 0 changed)
2026-08-30T15:56:48.778Z INFO     loader responses-2026-08-27T12.jsonl: 300 responses, 45000 points -> 449 unique (0 new, 0 changed)
2026-08-30T15:56:49.371Z INFO     loader responses-2026-08-27T13.jsonl: 249 responses, 37350 points -> 398 unique (0 new, 0 changed)
2026-08-30T15:56:49.706Z INFO     loader responses-2026-08-27T14.jsonl: 124 responses, 18600 points -> 273 unique (0 new, 0 changed)
2026-08-30T15:56:50.389Z INFO     loader responses-2026-08-27T15.jsonl: 300 responses, 45000 points -> 449 unique (0 new, 0 changed)
2026-08-30T15:56:50.937Z INFO     loader responses-2026-08-27T16.jsonl: 300 responses, 45000 points -> 449 unique (0 new, 0 changed)
2026-08-30T15:56:51.567Z INFO     loader responses-2026-08-27T17.jsonl: 300 responses, 45000 points -> 449 unique (0 new, 0 changed)
2026-08-30T15:56:52.098Z INFO     loader responses-2026-08-27T18.jsonl: 300 responses, 45000 points -> 449 unique (0 new, 0 changed)
2026-08-30T15:56:52.601Z INFO     loader responses-2026-08-27T19.jsonl: 300 responses, 45000 points -> 449 unique (0 new, 0 changed)
2026-08-30T15:56:53.074Z INFO     loader responses-2026-08-27T20.jsonl: 298 responses, 44700 points -> 449 unique (0 new, 0 changed)
2026-08-30T15:56:53.621Z INFO     loader responses-2026-08-27T21.jsonl: 300 responses, 45000 points -> 449 unique (0 new, 0 changed)
2026-08-30T15:56:54.299Z INFO     loader responses-2026-08-27T22.jsonl: 300 responses, 45000 points -> 449 unique (0 new, 0 changed)
2026-08-30T15:56:54.814Z INFO     loader responses-2026-08-27T23.jsonl: 300 responses, 45000 points -> 449 unique (0 new, 0 changed)
2026-08-30T15:56:55.335Z INFO     loader responses-2026-08-28T00.jsonl: 300 responses, 45000 points -> 449 unique (0 new, 0 changed)
2026-08-30T15:56:55.848Z INFO     loader responses-2026-08-28T01.jsonl: 300 responses, 45000 points -> 449 unique (0 new, 0 changed)
2026-08-30T15:56:56.489Z INFO     loader responses-2026-08-28T02.jsonl: 300 responses, 45000 points -> 449 unique (0 new, 0 changed)
2026-08-30T15:56:57.046Z INFO     loader responses-2026-08-28T03.jsonl: 300 responses, 45000 points -> 449 unique (0 new, 0 changed)
2026-08-30T15:56:57.703Z INFO     loader responses-2026-08-28T04.jsonl: 300 responses, 45000 points -> 449 unique (0 new, 0 changed)
2026-08-30T15:56:58.519Z INFO     loader responses-2026-08-28T05.jsonl: 300 responses, 45000 points -> 449 unique (0 new, 0 changed)
2026-08-30T15:56:58.640Z INFO     loader responses-2026-08-28T06.jsonl: 3 responses, 450 points -> 152 unique (0 new, 0 changed)
2026-08-30T15:56:59.663Z INFO     loader responses-2026-08-28T09.jsonl: 279 responses, 41850 points -> 438 unique (0 new, 0 changed)
2026-08-30T15:57:00.461Z INFO     loader responses-2026-08-28T10.jsonl: 300 responses, 45000 points -> 449 unique (0 new, 0 changed)
2026-08-30T15:57:00.952Z INFO     loader responses-2026-08-28T11.jsonl: 274 responses, 41100 points -> 449 unique (0 new, 0 changed)
2026-08-30T15:57:01.518Z INFO     loader responses-2026-08-28T12.jsonl: 300 responses, 45000 points -> 449 unique (0 new, 0 changed)
2026-08-30T15:57:02.066Z INFO     loader responses-2026-08-28T13.jsonl: 300 responses, 45000 points -> 449 unique (0 new, 0 changed)
2026-08-30T15:57:02.420Z INFO     loader responses-2026-08-28T14.jsonl: 205 responses, 30750 points -> 354 unique (0 new, 0 changed)
2026-08-30T15:57:02.958Z INFO     loader responses-2026-08-28T15.jsonl: 242 responses, 36300 points -> 391 unique (0 new, 0 changed)
2026-08-30T15:57:03.597Z INFO     loader responses-2026-08-28T16.jsonl: 300 responses, 45000 points -> 449 unique (0 new, 0 changed)
2026-08-30T15:57:04.171Z INFO     loader responses-2026-08-28T17.jsonl: 300 responses, 45000 points -> 449 unique (0 new, 0 changed)
2026-08-30T15:57:04.706Z INFO     loader responses-2026-08-28T18.jsonl: 300 responses, 45000 points -> 449 unique (0 new, 0 changed)
2026-08-30T15:57:05.287Z INFO     loader responses-2026-08-28T19.jsonl: 300 responses, 45000 points -> 449 unique (0 new, 0 changed)
2026-08-30T15:57:06.064Z INFO     loader responses-2026-08-28T20.jsonl: 300 responses, 45000 points -> 449 unique (0 new, 0 changed)
2026-08-30T15:57:06.876Z INFO     loader responses-2026-08-28T21.jsonl: 300 responses, 45000 points -> 449 unique (0 new, 0 changed)
2026-08-30T15:57:07.490Z INFO     loader responses-2026-08-28T22.jsonl: 300 responses, 45000 points -> 449 unique (0 new, 0 changed)
2026-08-30T15:57:08.193Z INFO     loader responses-2026-08-28T23.jsonl: 300 responses, 45000 points -> 449 unique (0 new, 0 changed)
2026-08-30T15:57:08.818Z INFO     loader responses-2026-08-29T00.jsonl: 300 responses, 45000 points -> 449 unique (0 new, 0 changed)
2026-08-30T15:57:09.436Z INFO     loader responses-2026-08-29T01.jsonl: 300 responses, 45000 points -> 449 unique (0 new, 0 changed)
2026-08-30T15:57:09.965Z INFO     loader responses-2026-08-29T02.jsonl: 300 responses, 45000 points -> 449 unique (0 new, 0 changed)
2026-08-30T15:57:10.407Z INFO     loader responses-2026-08-29T03.jsonl: 178 responses, 26700 points -> 449 unique (0 new, 0 changed)
2026-08-30T15:57:10.948Z INFO     loader responses-2026-08-29T04.jsonl: 291 responses, 43650 points -> 449 unique (0 new, 0 changed)
2026-08-30T15:57:11.427Z INFO     loader responses-2026-08-29T05.jsonl: 263 responses, 39450 points -> 449 unique (0 new, 0 changed)
2026-08-30T15:57:11.908Z INFO     loader responses-2026-08-29T06.jsonl: 300 responses, 45000 points -> 449 unique (0 new, 0 changed)
2026-08-30T15:57:12.441Z INFO     loader responses-2026-08-29T07.jsonl: 300 responses, 45000 points -> 449 unique (0 new, 0 changed)
2026-08-30T15:57:12.930Z INFO     loader responses-2026-08-29T08.jsonl: 300 responses, 45000 points -> 449 unique (0 new, 0 changed)
2026-08-30T15:57:13.479Z INFO     loader responses-2026-08-29T09.jsonl: 300 responses, 45000 points -> 449 unique (0 new, 0 changed)
2026-08-30T15:57:14.018Z INFO     loader responses-2026-08-29T10.jsonl: 300 responses, 45000 points -> 449 unique (0 new, 0 changed)
2026-08-30T15:57:14.570Z INFO     loader responses-2026-08-29T11.jsonl: 300 responses, 45000 points -> 449 unique (0 new, 0 changed)
2026-08-30T15:57:15.514Z INFO     loader responses-2026-08-29T12.jsonl: 300 responses, 45000 points -> 449 unique (0 new, 0 changed)
2026-08-30T15:57:16.267Z INFO     loader responses-2026-08-29T13.jsonl: 300 responses, 45000 points -> 449 unique (0 new, 0 changed)
2026-08-30T15:57:16.764Z INFO     loader responses-2026-08-29T14.jsonl: 300 responses, 45000 points -> 449 unique (0 new, 0 changed)
2026-08-30T15:57:17.309Z INFO     loader responses-2026-08-29T15.jsonl: 300 responses, 45000 points -> 449 unique (0 new, 0 changed)
2026-08-30T15:57:18.305Z INFO     loader responses-2026-08-29T16.jsonl: 300 responses, 45000 points -> 449 unique (0 new, 0 changed)
2026-08-30T15:57:18.743Z INFO     loader responses-2026-08-29T17.jsonl: 95 responses, 14250 points -> 393 unique (0 new, 0 changed)
2026-08-30T15:57:19.595Z INFO     loader responses-2026-08-29T18.jsonl: 300 responses, 45000 points -> 449 unique (0 new, 0 changed)
2026-08-30T15:57:20.397Z INFO     loader responses-2026-08-29T19.jsonl: 300 responses, 45000 points -> 449 unique (0 new, 0 changed)
2026-08-30T15:57:21.002Z INFO     loader responses-2026-08-29T20.jsonl: 300 responses, 45000 points -> 449 unique (0 new, 0 changed)
2026-08-30T15:57:21.628Z INFO     loader responses-2026-08-29T21.jsonl: 300 responses, 45000 points -> 449 unique (0 new, 0 changed)
2026-08-30T15:57:22.174Z INFO     loader responses-2026-08-29T22.jsonl: 300 responses, 45000 points -> 449 unique (0 new, 0 changed)
2026-08-30T15:57:22.707Z INFO     loader responses-2026-08-29T23.jsonl: 300 responses, 45000 points -> 449 unique (0 new, 0 changed)
2026-08-30T15:57:23.194Z INFO     loader responses-2026-08-30T00.jsonl: 300 responses, 45000 points -> 449 unique (0 new, 0 changed)
2026-08-30T15:57:23.707Z INFO     loader responses-2026-08-30T01.jsonl: 300 responses, 45000 points -> 449 unique (0 new, 0 changed)
2026-08-30T15:57:24.199Z INFO     loader responses-2026-08-30T02.jsonl: 300 responses, 45000 points -> 449 unique (0 new, 0 changed)
2026-08-30T15:57:24.707Z INFO     loader responses-2026-08-30T03.jsonl: 300 responses, 45000 points -> 449 unique (0 new, 0 changed)
2026-08-30T15:57:25.197Z INFO     loader responses-2026-08-30T04.jsonl: 300 responses, 45000 points -> 449 unique (0 new, 0 changed)
2026-08-30T15:57:25.706Z INFO     loader responses-2026-08-30T05.jsonl: 300 responses, 45000 points -> 449 unique (0 new, 0 changed)
2026-08-30T15:57:26.368Z INFO     loader responses-2026-08-30T06.jsonl: 300 responses, 45000 points -> 449 unique (0 new, 0 changed)
2026-08-30T15:57:26.958Z INFO     loader responses-2026-08-30T07.jsonl: 300 responses, 45000 points -> 449 unique (0 new, 0 changed)
2026-08-30T15:57:27.786Z INFO     loader responses-2026-08-30T08.jsonl: 300 responses, 45000 points -> 449 unique (0 new, 0 changed)
2026-08-30T15:57:28.844Z INFO     loader responses-2026-08-30T09.jsonl: 300 responses, 45000 points -> 449 unique (0 new, 0 changed)
2026-08-30T15:57:29.705Z INFO     loader responses-2026-08-30T10.jsonl: 300 responses, 45000 points -> 449 unique (0 new, 0 changed)
2026-08-30T15:57:30.612Z INFO     loader responses-2026-08-30T11.jsonl: 300 responses, 45000 points -> 449 unique (0 new, 0 changed)
2026-08-30T15:57:31.405Z INFO     loader responses-2026-08-30T12.jsonl: 300 responses, 45000 points -> 449 unique (262 new, 0 changed)
2026-08-30T15:57:31.972Z INFO     loader responses-2026-08-30T13.jsonl: 300 responses, 45000 points -> 449 unique (300 new, 0 changed)
2026-08-30T15:57:32.521Z INFO     loader responses-2026-08-30T14.jsonl: 300 responses, 45000 points -> 449 unique (300 new, 0 changed)
2026-08-30T15:57:33.029Z INFO     loader responses-2026-08-30T15.jsonl: 288 responses, 43200 points -> 437 unique (288 new, 0 changed)  [not marked: newest file]
2026-08-30T16:16:07.451Z INFO     loader 158 files found, 156 already loaded.
2026-08-30T16:16:08.624Z INFO     loader responses-2026-08-30T15.jsonl: 300 responses, 45000 points -> 449 unique (12 new, 0 changed)
2026-08-30T16:16:08.862Z INFO     loader responses-2026-08-30T16.jsonl: 81 responses, 12150 points -> 230 unique (81 new, 0 changed)  [not marked: newest file]
2026-08-30T17:54:06.603Z INFO     loader 159 files found, 0 already loaded.
2026-08-30T17:54:06.859Z INFO     loader responses-2026-08-23T11.jsonl: 14 responses, 2100 points -> 163 unique (0 new, 0 changed)
2026-08-30T17:54:07.267Z INFO     loader responses-2026-08-23T12.jsonl: 230 responses, 34500 points -> 379 unique (0 new, 0 changed)
2026-08-30T17:54:07.884Z INFO     loader responses-2026-08-23T13.jsonl: 300 responses, 45000 points -> 449 unique (0 new, 0 changed)
2026-08-30T17:54:08.513Z INFO     loader responses-2026-08-23T14.jsonl: 300 responses, 45000 points -> 449 unique (0 new, 0 changed)
2026-08-30T17:54:09.216Z INFO     loader responses-2026-08-23T15.jsonl: 300 responses, 45000 points -> 449 unique (0 new, 0 changed)
2026-08-30T17:54:10.801Z INFO     loader responses-2026-08-23T16.jsonl: 238 responses, 35700 points -> 449 unique (0 new, 0 changed)
2026-08-30T17:54:12.447Z INFO     loader responses-2026-08-23T17.jsonl: 300 responses, 45000 points -> 449 unique (0 new, 0 changed)
2026-08-30T17:54:14.472Z INFO     loader responses-2026-08-23T18.jsonl: 300 responses, 45000 points -> 449 unique (0 new, 0 changed)
2026-08-30T17:54:15.874Z INFO     loader responses-2026-08-23T19.jsonl: 300 responses, 45000 points -> 449 unique (0 new, 0 changed)
2026-08-30T17:54:16.415Z INFO     loader responses-2026-08-23T20.jsonl: 300 responses, 45000 points -> 449 unique (0 new, 0 changed)
2026-08-30T17:54:17.039Z INFO     loader responses-2026-08-23T21.jsonl: 300 responses, 45000 points -> 449 unique (0 new, 0 changed)
2026-08-30T17:54:18.017Z INFO     loader responses-2026-08-23T22.jsonl: 300 responses, 45000 points -> 449 unique (0 new, 0 changed)
2026-08-30T17:54:18.670Z INFO     loader responses-2026-08-23T23.jsonl: 300 responses, 45000 points -> 449 unique (0 new, 0 changed)
2026-08-30T17:54:19.192Z INFO     loader responses-2026-08-24T00.jsonl: 300 responses, 45000 points -> 449 unique (0 new, 0 changed)
2026-08-30T17:54:19.784Z INFO     loader responses-2026-08-24T01.jsonl: 300 responses, 45000 points -> 449 unique (0 new, 0 changed)
2026-08-30T17:54:20.326Z INFO     loader responses-2026-08-24T02.jsonl: 300 responses, 45000 points -> 449 unique (0 new, 0 changed)
2026-08-30T17:54:20.852Z INFO     loader responses-2026-08-24T03.jsonl: 300 responses, 45000 points -> 449 unique (0 new, 0 changed)
2026-08-30T17:54:21.146Z INFO     loader responses-2026-08-24T04.jsonl: 133 responses, 19950 points -> 431 unique (0 new, 0 changed)
2026-08-30T17:54:21.695Z INFO     loader responses-2026-08-24T05.jsonl: 300 responses, 45000 points -> 449 unique (0 new, 0 changed)
2026-08-30T17:54:22.335Z INFO     loader responses-2026-08-24T06.jsonl: 300 responses, 45000 points -> 449 unique (0 new, 0 changed)
2026-08-30T17:54:22.858Z INFO     loader responses-2026-08-24T07.jsonl: 300 responses, 45000 points -> 449 unique (0 new, 0 changed)
2026-08-30T17:54:23.425Z INFO     loader responses-2026-08-24T08.jsonl: 300 responses, 45000 points -> 449 unique (0 new, 0 changed)
2026-08-30T17:54:23.932Z INFO     loader responses-2026-08-24T09.jsonl: 300 responses, 45000 points -> 449 unique (0 new, 0 changed)
2026-08-30T17:54:24.455Z INFO     loader responses-2026-08-24T10.jsonl: 300 responses, 45000 points -> 449 unique (0 new, 0 changed)
2026-08-30T17:54:25.020Z INFO     loader responses-2026-08-24T11.jsonl: 300 responses, 45000 points -> 449 unique (0 new, 0 changed)
2026-08-30T17:54:25.659Z INFO     loader responses-2026-08-24T12.jsonl: 300 responses, 45000 points -> 449 unique (0 new, 0 changed)
2026-08-30T17:54:26.104Z INFO     loader responses-2026-08-24T13.jsonl: 263 responses, 39450 points -> 449 unique (0 new, 0 changed)
2026-08-30T17:54:26.679Z INFO     loader responses-2026-08-24T14.jsonl: 300 responses, 45000 points -> 449 unique (0 new, 0 changed)
2026-08-30T17:54:27.180Z INFO     loader responses-2026-08-24T15.jsonl: 300 responses, 45000 points -> 449 unique (0 new, 0 changed)
2026-08-30T17:54:27.904Z INFO     loader responses-2026-08-24T16.jsonl: 300 responses, 45000 points -> 449 unique (0 new, 0 changed)
2026-08-30T17:54:29.562Z INFO     loader responses-2026-08-24T17.jsonl: 294 responses, 44100 points -> 449 unique (0 new, 0 changed)
2026-08-30T17:54:30.516Z INFO     loader responses-2026-08-24T18.jsonl: 300 responses, 45000 points -> 449 unique (0 new, 0 changed)
2026-08-30T17:54:31.056Z INFO     loader responses-2026-08-24T19.jsonl: 300 responses, 45000 points -> 449 unique (0 new, 0 changed)
2026-08-30T17:54:31.594Z INFO     loader responses-2026-08-24T20.jsonl: 300 responses, 45000 points -> 449 unique (0 new, 0 changed)
2026-08-30T17:54:32.130Z INFO     loader responses-2026-08-24T21.jsonl: 300 responses, 45000 points -> 449 unique (0 new, 0 changed)
2026-08-30T17:54:32.816Z INFO     loader responses-2026-08-24T22.jsonl: 300 responses, 45000 points -> 449 unique (0 new, 0 changed)
2026-08-30T17:54:33.407Z INFO     loader responses-2026-08-24T23.jsonl: 300 responses, 45000 points -> 449 unique (0 new, 0 changed)
2026-08-30T17:54:34.158Z INFO     loader responses-2026-08-25T00.jsonl: 300 responses, 45000 points -> 449 unique (0 new, 0 changed)
2026-08-30T17:54:34.878Z INFO     loader responses-2026-08-25T01.jsonl: 300 responses, 45000 points -> 449 unique (0 new, 0 changed)
2026-08-30T17:54:35.461Z INFO     loader responses-2026-08-25T02.jsonl: 300 responses, 45000 points -> 449 unique (0 new, 0 changed)
2026-08-30T17:54:36.173Z INFO     loader responses-2026-08-25T03.jsonl: 298 responses, 44700 points -> 449 unique (0 new, 0 changed)
2026-08-30T17:54:36.672Z INFO     loader responses-2026-08-25T04.jsonl: 300 responses, 45000 points -> 449 unique (0 new, 0 changed)
2026-08-30T17:54:37.193Z INFO     loader responses-2026-08-25T05.jsonl: 300 responses, 45000 points -> 449 unique (0 new, 0 changed)
2026-08-30T17:54:37.704Z INFO     loader responses-2026-08-25T06.jsonl: 300 responses, 45000 points -> 449 unique (0 new, 0 changed)
2026-08-30T17:54:38.367Z INFO     loader responses-2026-08-25T07.jsonl: 300 responses, 45000 points -> 449 unique (0 new, 0 changed)
2026-08-30T17:54:38.908Z INFO     loader responses-2026-08-25T08.jsonl: 300 responses, 45000 points -> 449 unique (0 new, 0 changed)
2026-08-30T17:54:39.455Z INFO     loader responses-2026-08-25T09.jsonl: 300 responses, 45000 points -> 449 unique (0 new, 0 changed)
2026-08-30T17:54:40.021Z INFO     loader responses-2026-08-25T10.jsonl: 300 responses, 45000 points -> 449 unique (0 new, 0 changed)
2026-08-30T17:54:40.636Z INFO     loader responses-2026-08-25T11.jsonl: 300 responses, 45000 points -> 449 unique (0 new, 0 changed)
2026-08-30T17:54:41.102Z INFO     loader responses-2026-08-25T12.jsonl: 300 responses, 45000 points -> 449 unique (0 new, 0 changed)
2026-08-30T17:54:41.723Z INFO     loader responses-2026-08-25T13.jsonl: 300 responses, 45000 points -> 449 unique (0 new, 0 changed)
2026-08-30T17:54:42.676Z INFO     loader responses-2026-08-25T14.jsonl: 300 responses, 45000 points -> 449 unique (0 new, 0 changed)
2026-08-30T17:54:43.281Z INFO     loader responses-2026-08-25T15.jsonl: 300 responses, 45000 points -> 449 unique (0 new, 0 changed)
2026-08-30T17:54:43.983Z INFO     loader responses-2026-08-25T16.jsonl: 300 responses, 45000 points -> 449 unique (0 new, 0 changed)
2026-08-30T17:54:44.586Z INFO     loader responses-2026-08-25T17.jsonl: 300 responses, 45000 points -> 449 unique (0 new, 0 changed)
2026-08-30T17:54:45.147Z INFO     loader responses-2026-08-25T18.jsonl: 300 responses, 45000 points -> 449 unique (0 new, 0 changed)
2026-08-30T17:54:45.761Z INFO     loader responses-2026-08-25T19.jsonl: 300 responses, 45000 points -> 449 unique (0 new, 0 changed)
2026-08-30T17:54:46.291Z INFO     loader responses-2026-08-25T20.jsonl: 300 responses, 45000 points -> 449 unique (0 new, 0 changed)
2026-08-30T17:54:46.938Z INFO     loader responses-2026-08-25T21.jsonl: 300 responses, 45000 points -> 449 unique (0 new, 0 changed)
2026-08-30T17:54:47.757Z INFO     loader responses-2026-08-25T22.jsonl: 300 responses, 45000 points -> 449 unique (0 new, 0 changed)
2026-08-30T17:54:49.030Z INFO     loader responses-2026-08-25T23.jsonl: 300 responses, 45000 points -> 449 unique (0 new, 0 changed)
2026-08-30T17:54:50.366Z INFO     loader responses-2026-08-26T00.jsonl: 300 responses, 45000 points -> 449 unique (0 new, 0 changed)
2026-08-30T17:54:51.379Z INFO     loader responses-2026-08-26T01.jsonl: 300 responses, 45000 points -> 449 unique (0 new, 0 changed)
2026-08-30T17:54:51.957Z INFO     loader responses-2026-08-26T02.jsonl: 300 responses, 45000 points -> 449 unique (0 new, 0 changed)
2026-08-30T17:54:53.942Z INFO     loader responses-2026-08-26T03.jsonl: 300 responses, 45000 points -> 449 unique (0 new, 0 changed)
2026-08-30T17:54:55.004Z INFO     loader responses-2026-08-26T04.jsonl: 300 responses, 45000 points -> 449 unique (0 new, 0 changed)
2026-08-30T17:54:55.582Z INFO     loader responses-2026-08-26T05.jsonl: 300 responses, 45000 points -> 449 unique (0 new, 0 changed)
2026-08-30T17:54:56.110Z INFO     loader responses-2026-08-26T06.jsonl: 300 responses, 45000 points -> 449 unique (0 new, 0 changed)
2026-08-30T17:54:56.734Z INFO     loader responses-2026-08-26T07.jsonl: 300 responses, 45000 points -> 449 unique (0 new, 0 changed)
2026-08-30T17:54:57.179Z INFO     loader responses-2026-08-26T08.jsonl: 260 responses, 39000 points -> 449 unique (0 new, 0 changed)
2026-08-30T17:54:57.839Z INFO     loader responses-2026-08-26T09.jsonl: 300 responses, 45000 points -> 449 unique (0 new, 0 changed)
2026-08-30T17:54:58.528Z INFO     loader responses-2026-08-26T10.jsonl: 300 responses, 45000 points -> 449 unique (0 new, 0 changed)
2026-08-30T17:54:59.094Z INFO     loader responses-2026-08-26T11.jsonl: 300 responses, 45000 points -> 449 unique (0 new, 0 changed)
2026-08-30T17:54:59.646Z INFO     loader responses-2026-08-26T12.jsonl: 300 responses, 45000 points -> 449 unique (0 new, 0 changed)
2026-08-30T17:55:00.398Z INFO     loader responses-2026-08-26T13.jsonl: 298 responses, 44700 points -> 449 unique (0 new, 0 changed)
2026-08-30T17:55:00.910Z INFO     loader responses-2026-08-26T14.jsonl: 228 responses, 34200 points -> 377 unique (0 new, 0 changed)
2026-08-30T17:55:01.337Z INFO     loader responses-2026-08-27T05.jsonl: 229 responses, 34350 points -> 378 unique (0 new, 0 changed)
2026-08-30T17:55:01.876Z INFO     loader responses-2026-08-27T06.jsonl: 300 responses, 45000 points -> 449 unique (0 new, 0 changed)
2026-08-30T17:55:02.361Z INFO     loader responses-2026-08-27T07.jsonl: 300 responses, 45000 points -> 449 unique (0 new, 0 changed)
2026-08-30T17:55:02.930Z INFO     loader responses-2026-08-27T08.jsonl: 300 responses, 45000 points -> 449 unique (0 new, 0 changed)
2026-08-30T17:55:03.921Z INFO     loader responses-2026-08-27T09.jsonl: 300 responses, 45000 points -> 449 unique (0 new, 0 changed)
2026-08-30T17:55:04.378Z INFO     loader responses-2026-08-27T10.jsonl: 225 responses, 33750 points -> 374 unique (0 new, 0 changed)
2026-08-30T17:55:04.539Z INFO     loader responses-2026-08-27T11.jsonl: 37 responses, 5550 points -> 186 unique (0 new, 0 changed)
2026-08-30T17:55:05.126Z INFO     loader responses-2026-08-27T12.jsonl: 300 responses, 45000 points -> 449 unique (0 new, 0 changed)
2026-08-30T17:55:05.894Z INFO     loader responses-2026-08-27T13.jsonl: 249 responses, 37350 points -> 398 unique (0 new, 0 changed)
2026-08-30T17:55:06.247Z INFO     loader responses-2026-08-27T14.jsonl: 124 responses, 18600 points -> 273 unique (0 new, 0 changed)
2026-08-30T17:55:06.927Z INFO     loader responses-2026-08-27T15.jsonl: 300 responses, 45000 points -> 449 unique (0 new, 0 changed)
2026-08-30T17:55:07.443Z INFO     loader responses-2026-08-27T16.jsonl: 300 responses, 45000 points -> 449 unique (0 new, 0 changed)
2026-08-30T17:55:08.736Z INFO     loader responses-2026-08-27T17.jsonl: 300 responses, 45000 points -> 449 unique (0 new, 0 changed)
2026-08-30T17:55:09.582Z INFO     loader responses-2026-08-27T18.jsonl: 300 responses, 45000 points -> 449 unique (0 new, 0 changed)
2026-08-30T17:55:10.176Z INFO     loader responses-2026-08-27T19.jsonl: 300 responses, 45000 points -> 449 unique (0 new, 0 changed)
2026-08-30T17:55:10.836Z INFO     loader responses-2026-08-27T20.jsonl: 298 responses, 44700 points -> 449 unique (0 new, 0 changed)
2026-08-30T17:55:11.797Z INFO     loader responses-2026-08-27T21.jsonl: 300 responses, 45000 points -> 449 unique (0 new, 0 changed)
2026-08-30T17:55:13.069Z INFO     loader responses-2026-08-27T22.jsonl: 300 responses, 45000 points -> 449 unique (0 new, 0 changed)
2026-08-30T17:55:18.630Z INFO     loader responses-2026-08-27T23.jsonl: 300 responses, 45000 points -> 449 unique (0 new, 0 changed)
2026-08-30T17:55:20.187Z INFO     loader responses-2026-08-28T00.jsonl: 300 responses, 45000 points -> 449 unique (0 new, 0 changed)
2026-08-30T17:55:22.468Z INFO     loader responses-2026-08-28T01.jsonl: 300 responses, 45000 points -> 449 unique (0 new, 0 changed)
2026-08-30T17:55:23.830Z INFO     loader responses-2026-08-28T02.jsonl: 300 responses, 45000 points -> 449 unique (0 new, 0 changed)
2026-08-30T17:55:25.191Z INFO     loader responses-2026-08-28T03.jsonl: 300 responses, 45000 points -> 449 unique (0 new, 0 changed)
2026-08-30T17:55:26.205Z INFO     loader responses-2026-08-28T04.jsonl: 300 responses, 45000 points -> 449 unique (0 new, 0 changed)
2026-08-30T17:55:27.536Z INFO     loader responses-2026-08-28T05.jsonl: 300 responses, 45000 points -> 449 unique (0 new, 0 changed)
2026-08-30T17:55:27.609Z INFO     loader responses-2026-08-28T06.jsonl: 3 responses, 450 points -> 152 unique (0 new, 0 changed)
2026-08-30T17:55:29.361Z INFO     loader responses-2026-08-28T09.jsonl: 279 responses, 41850 points -> 438 unique (0 new, 0 changed)
2026-08-30T17:55:30.496Z INFO     loader responses-2026-08-28T10.jsonl: 300 responses, 45000 points -> 449 unique (0 new, 0 changed)
2026-08-30T17:55:31.430Z INFO     loader responses-2026-08-28T11.jsonl: 274 responses, 41100 points -> 449 unique (0 new, 0 changed)
2026-08-30T17:55:33.370Z INFO     loader responses-2026-08-28T12.jsonl: 300 responses, 45000 points -> 449 unique (0 new, 0 changed)
2026-08-30T17:55:34.148Z INFO     loader responses-2026-08-28T13.jsonl: 300 responses, 45000 points -> 449 unique (0 new, 0 changed)
2026-08-30T17:55:34.702Z INFO     loader responses-2026-08-28T14.jsonl: 205 responses, 30750 points -> 354 unique (0 new, 0 changed)
2026-08-30T17:55:35.687Z INFO     loader responses-2026-08-28T15.jsonl: 242 responses, 36300 points -> 391 unique (0 new, 0 changed)
2026-08-30T17:55:36.525Z INFO     loader responses-2026-08-28T16.jsonl: 300 responses, 45000 points -> 449 unique (0 new, 0 changed)
2026-08-30T17:55:37.386Z INFO     loader responses-2026-08-28T17.jsonl: 300 responses, 45000 points -> 449 unique (0 new, 0 changed)
2026-08-30T17:55:38.169Z INFO     loader responses-2026-08-28T18.jsonl: 300 responses, 45000 points -> 449 unique (0 new, 0 changed)
2026-08-30T17:55:39.342Z INFO     loader responses-2026-08-28T19.jsonl: 300 responses, 45000 points -> 449 unique (0 new, 0 changed)
2026-08-30T17:55:40.018Z INFO     loader responses-2026-08-28T20.jsonl: 300 responses, 45000 points -> 449 unique (0 new, 0 changed)
2026-08-30T17:55:40.690Z INFO     loader responses-2026-08-28T21.jsonl: 300 responses, 45000 points -> 449 unique (0 new, 0 changed)
2026-08-30T17:55:41.422Z INFO     loader responses-2026-08-28T22.jsonl: 300 responses, 45000 points -> 449 unique (0 new, 0 changed)
2026-08-30T17:55:42.088Z INFO     loader responses-2026-08-28T23.jsonl: 300 responses, 45000 points -> 449 unique (0 new, 0 changed)
2026-08-30T17:55:42.763Z INFO     loader responses-2026-08-29T00.jsonl: 300 responses, 45000 points -> 449 unique (0 new, 0 changed)
2026-08-30T17:55:43.398Z INFO     loader responses-2026-08-29T01.jsonl: 300 responses, 45000 points -> 449 unique (0 new, 0 changed)
2026-08-30T17:55:44.179Z INFO     loader responses-2026-08-29T02.jsonl: 300 responses, 45000 points -> 449 unique (0 new, 0 changed)
2026-08-30T17:55:44.623Z INFO     loader responses-2026-08-29T03.jsonl: 178 responses, 26700 points -> 449 unique (0 new, 0 changed)
2026-08-30T17:55:45.326Z INFO     loader responses-2026-08-29T04.jsonl: 291 responses, 43650 points -> 449 unique (0 new, 0 changed)
2026-08-30T17:55:45.917Z INFO     loader responses-2026-08-29T05.jsonl: 263 responses, 39450 points -> 449 unique (0 new, 0 changed)
2026-08-30T17:55:46.639Z INFO     loader responses-2026-08-29T06.jsonl: 300 responses, 45000 points -> 449 unique (0 new, 0 changed)
2026-08-30T17:55:47.467Z INFO     loader responses-2026-08-29T07.jsonl: 300 responses, 45000 points -> 449 unique (0 new, 0 changed)
2026-08-30T17:55:48.274Z INFO     loader responses-2026-08-29T08.jsonl: 300 responses, 45000 points -> 449 unique (0 new, 0 changed)
2026-08-30T17:55:49.205Z INFO     loader responses-2026-08-29T09.jsonl: 300 responses, 45000 points -> 449 unique (0 new, 0 changed)
2026-08-30T17:55:50.090Z INFO     loader responses-2026-08-29T10.jsonl: 300 responses, 45000 points -> 449 unique (0 new, 0 changed)
2026-08-30T17:55:50.862Z INFO     loader responses-2026-08-29T11.jsonl: 300 responses, 45000 points -> 449 unique (0 new, 0 changed)
2026-08-30T17:55:51.620Z INFO     loader responses-2026-08-29T12.jsonl: 300 responses, 45000 points -> 449 unique (0 new, 0 changed)
2026-08-30T17:55:52.337Z INFO     loader responses-2026-08-29T13.jsonl: 300 responses, 45000 points -> 449 unique (0 new, 0 changed)
2026-08-30T17:55:53.141Z INFO     loader responses-2026-08-29T14.jsonl: 300 responses, 45000 points -> 449 unique (0 new, 0 changed)
2026-08-30T17:55:53.991Z INFO     loader responses-2026-08-29T15.jsonl: 300 responses, 45000 points -> 449 unique (0 new, 0 changed)
2026-08-30T17:55:54.878Z INFO     loader responses-2026-08-29T16.jsonl: 300 responses, 45000 points -> 449 unique (0 new, 0 changed)
2026-08-30T17:55:55.176Z INFO     loader responses-2026-08-29T17.jsonl: 95 responses, 14250 points -> 393 unique (0 new, 0 changed)
2026-08-30T17:55:55.907Z INFO     loader responses-2026-08-29T18.jsonl: 300 responses, 45000 points -> 449 unique (0 new, 0 changed)
2026-08-30T17:55:56.603Z INFO     loader responses-2026-08-29T19.jsonl: 300 responses, 45000 points -> 449 unique (0 new, 0 changed)
2026-08-30T17:55:57.293Z INFO     loader responses-2026-08-29T20.jsonl: 300 responses, 45000 points -> 449 unique (0 new, 0 changed)
2026-08-30T17:55:58.090Z INFO     loader responses-2026-08-29T21.jsonl: 300 responses, 45000 points -> 449 unique (0 new, 0 changed)
2026-08-30T17:55:59.076Z INFO     loader responses-2026-08-29T22.jsonl: 300 responses, 45000 points -> 449 unique (0 new, 0 changed)
2026-08-30T17:55:59.818Z INFO     loader responses-2026-08-29T23.jsonl: 300 responses, 45000 points -> 449 unique (0 new, 0 changed)
2026-08-30T17:56:00.586Z INFO     loader responses-2026-08-30T00.jsonl: 300 responses, 45000 points -> 449 unique (0 new, 0 changed)
2026-08-30T17:56:01.364Z INFO     loader responses-2026-08-30T01.jsonl: 300 responses, 45000 points -> 449 unique (0 new, 0 changed)
2026-08-30T17:56:02.085Z INFO     loader responses-2026-08-30T02.jsonl: 300 responses, 45000 points -> 449 unique (0 new, 0 changed)
2026-08-30T17:56:02.778Z INFO     loader responses-2026-08-30T03.jsonl: 300 responses, 45000 points -> 449 unique (0 new, 0 changed)
2026-08-30T17:56:03.441Z INFO     loader responses-2026-08-30T04.jsonl: 300 responses, 45000 points -> 449 unique (0 new, 0 changed)
2026-08-30T17:56:04.196Z INFO     loader responses-2026-08-30T05.jsonl: 300 responses, 45000 points -> 449 unique (0 new, 0 changed)
2026-08-30T17:56:04.990Z INFO     loader responses-2026-08-30T06.jsonl: 300 responses, 45000 points -> 449 unique (0 new, 0 changed)
2026-08-30T17:56:05.696Z INFO     loader responses-2026-08-30T07.jsonl: 300 responses, 45000 points -> 449 unique (0 new, 0 changed)
2026-08-30T17:56:06.441Z INFO     loader responses-2026-08-30T08.jsonl: 300 responses, 45000 points -> 449 unique (0 new, 0 changed)
2026-08-30T17:56:07.088Z INFO     loader responses-2026-08-30T09.jsonl: 300 responses, 45000 points -> 449 unique (0 new, 0 changed)
2026-08-30T17:56:07.776Z INFO     loader responses-2026-08-30T10.jsonl: 300 responses, 45000 points -> 449 unique (0 new, 0 changed)
2026-08-30T17:56:08.757Z INFO     loader responses-2026-08-30T11.jsonl: 300 responses, 45000 points -> 449 unique (0 new, 0 changed)
2026-08-30T17:56:09.522Z INFO     loader responses-2026-08-30T12.jsonl: 300 responses, 45000 points -> 449 unique (0 new, 0 changed)
2026-08-30T17:56:10.367Z INFO     loader responses-2026-08-30T13.jsonl: 300 responses, 45000 points -> 449 unique (0 new, 0 changed)
2026-08-30T17:56:11.203Z INFO     loader responses-2026-08-30T14.jsonl: 300 responses, 45000 points -> 449 unique (0 new, 0 changed)
2026-08-30T17:56:11.962Z INFO     loader responses-2026-08-30T15.jsonl: 300 responses, 45000 points -> 449 unique (0 new, 0 changed)
2026-08-30T17:56:12.780Z INFO     loader responses-2026-08-30T16.jsonl: 300 responses, 45000 points -> 449 unique (219 new, 0 changed)
2026-08-30T17:56:13.362Z INFO     loader responses-2026-08-30T17.jsonl: 194 responses, 29100 points -> 430 unique (281 new, 0 changed)  [not marked: newest file]
2026-09-08T14:30:38.743Z INFO     loader 363 files found, 158 already loaded.
2026-09-08T14:30:39.459Z INFO     loader responses-2026-08-30T17.jsonl: 213 responses, 31950 points -> 449 unique (19 new, 0 changed)
2026-09-08T14:30:39.945Z INFO     loader responses-2026-08-30T18.jsonl: 237 responses, 35550 points -> 449 unique (300 new, 0 changed)
2026-09-08T14:30:40.634Z INFO     loader responses-2026-08-30T19.jsonl: 300 responses, 45000 points -> 449 unique (300 new, 0 changed)
2026-09-08T14:30:41.294Z INFO     loader responses-2026-08-30T20.jsonl: 300 responses, 45000 points -> 449 unique (300 new, 0 changed)
2026-09-08T14:30:41.833Z INFO     loader responses-2026-08-30T21.jsonl: 300 responses, 45000 points -> 449 unique (300 new, 0 changed)
2026-09-08T14:30:42.501Z INFO     loader responses-2026-08-30T22.jsonl: 300 responses, 44998 points -> 449 unique (300 new, 0 changed)
2026-09-08T14:30:43.288Z INFO     loader responses-2026-08-30T23.jsonl: 300 responses, 45000 points -> 449 unique (300 new, 0 changed)
2026-09-08T14:30:44.164Z INFO     loader responses-2026-08-31T00.jsonl: 300 responses, 45000 points -> 449 unique (300 new, 0 changed)
2026-09-08T14:30:44.822Z INFO     loader responses-2026-08-31T01.jsonl: 300 responses, 45000 points -> 449 unique (300 new, 0 changed)
2026-09-08T14:30:45.649Z INFO     loader responses-2026-08-31T02.jsonl: 300 responses, 45000 points -> 449 unique (300 new, 0 changed)
2026-09-08T14:30:46.241Z INFO     loader responses-2026-08-31T03.jsonl: 300 responses, 45000 points -> 449 unique (300 new, 0 changed)
2026-09-08T14:30:46.777Z INFO     loader responses-2026-08-31T04.jsonl: 300 responses, 45000 points -> 449 unique (300 new, 0 changed)
2026-09-08T14:30:47.374Z INFO     loader responses-2026-08-31T05.jsonl: 300 responses, 45000 points -> 449 unique (300 new, 0 changed)
2026-09-08T14:30:47.911Z INFO     loader responses-2026-08-31T06.jsonl: 300 responses, 45000 points -> 449 unique (300 new, 0 changed)
2026-09-08T14:30:48.487Z INFO     loader responses-2026-08-31T07.jsonl: 300 responses, 45000 points -> 449 unique (300 new, 0 changed)
2026-09-08T14:30:49.076Z INFO     loader responses-2026-08-31T08.jsonl: 300 responses, 45000 points -> 449 unique (300 new, 0 changed)
2026-09-08T14:30:49.459Z INFO     loader responses-2026-08-31T09.jsonl: 165 responses, 24750 points -> 449 unique (300 new, 0 changed)
2026-09-08T14:30:50.010Z INFO     loader responses-2026-08-31T10.jsonl: 300 responses, 45000 points -> 449 unique (300 new, 0 changed)
2026-09-08T14:30:50.641Z INFO     loader responses-2026-08-31T11.jsonl: 300 responses, 45000 points -> 449 unique (300 new, 0 changed)
2026-09-08T14:30:51.251Z INFO     loader responses-2026-08-31T12.jsonl: 300 responses, 45000 points -> 449 unique (300 new, 0 changed)
2026-09-08T14:30:51.775Z INFO     loader responses-2026-08-31T13.jsonl: 300 responses, 45000 points -> 449 unique (300 new, 0 changed)
2026-09-08T14:30:52.434Z INFO     loader responses-2026-08-31T14.jsonl: 300 responses, 45000 points -> 449 unique (300 new, 0 changed)
2026-09-08T14:30:53.083Z INFO     loader responses-2026-08-31T15.jsonl: 283 responses, 42450 points -> 450 unique (301 new, 0 changed)
2026-09-08T14:30:53.101Z WARNING  loader responses-2026-08-31T17.jsonl produced no rows; not marking complete.
2026-09-08T14:30:53.121Z WARNING  loader responses-2026-08-31T18.jsonl produced no rows; not marking complete.
2026-09-08T14:30:53.234Z INFO     loader responses-2026-08-31T19.jsonl: 1 responses, 150 points -> 150 unique (150 new, 0 changed)
2026-09-08T14:30:53.328Z INFO     loader responses-2026-08-31T20.jsonl: 2 responses, 300 points -> 151 unique (151 new, 0 changed)
2026-09-08T14:30:53.862Z INFO     loader responses-2026-08-31T21.jsonl: 300 responses, 45000 points -> 449 unique (300 new, 0 changed)
2026-09-08T14:30:54.232Z INFO     loader responses-2026-08-31T22.jsonl: 35 responses, 5250 points -> 184 unique (35 new, 0 changed)
2026-09-08T14:30:54.524Z INFO     loader responses-2026-09-01T00.jsonl: 15 responses, 2250 points -> 164 unique (164 new, 0 changed)
2026-09-08T14:30:54.632Z INFO     loader responses-2026-09-01T02.jsonl: 16 responses, 2400 points -> 165 unique (165 new, 0 changed)
2026-09-08T14:30:54.838Z INFO     loader responses-2026-09-01T03.jsonl: 68 responses, 10200 points -> 347 unique (347 new, 0 changed)
2026-09-08T14:30:55.443Z INFO     loader responses-2026-09-01T04.jsonl: 300 responses, 45000 points -> 449 unique (300 new, 0 changed)
2026-09-08T14:30:55.979Z INFO     loader responses-2026-09-01T05.jsonl: 300 responses, 45000 points -> 449 unique (300 new, 0 changed)
2026-09-08T14:30:56.459Z INFO     loader responses-2026-09-01T06.jsonl: 300 responses, 45000 points -> 449 unique (300 new, 0 changed)
2026-09-08T14:30:57.105Z INFO     loader responses-2026-09-01T07.jsonl: 297 responses, 44550 points -> 449 unique (300 new, 0 changed)
2026-09-08T14:30:57.682Z INFO     loader responses-2026-09-01T08.jsonl: 300 responses, 45000 points -> 449 unique (300 new, 0 changed)
2026-09-08T14:30:58.202Z INFO     loader responses-2026-09-01T09.jsonl: 300 responses, 45000 points -> 449 unique (300 new, 0 changed)
2026-09-08T14:30:58.728Z INFO     loader responses-2026-09-01T10.jsonl: 300 responses, 45000 points -> 449 unique (300 new, 0 changed)
2026-09-08T14:30:59.338Z INFO     loader responses-2026-09-01T11.jsonl: 299 responses, 44850 points -> 449 unique (300 new, 0 changed)
2026-09-08T14:30:59.954Z INFO     loader responses-2026-09-01T12.jsonl: 300 responses, 45000 points -> 449 unique (300 new, 0 changed)
2026-09-08T14:31:00.695Z INFO     loader responses-2026-09-01T13.jsonl: 300 responses, 45000 points -> 449 unique (300 new, 0 changed)
2026-09-08T14:31:01.133Z INFO     loader responses-2026-09-01T14.jsonl: 201 responses, 30150 points -> 449 unique (300 new, 0 changed)
2026-09-08T14:31:01.749Z INFO     loader responses-2026-09-01T15.jsonl: 300 responses, 45000 points -> 449 unique (300 new, 0 changed)
2026-09-08T14:31:02.304Z INFO     loader responses-2026-09-01T16.jsonl: 300 responses, 45000 points -> 449 unique (300 new, 0 changed)
2026-09-08T14:31:02.797Z INFO     loader responses-2026-09-01T17.jsonl: 300 responses, 45000 points -> 449 unique (300 new, 0 changed)
2026-09-08T14:31:03.167Z INFO     loader responses-2026-09-01T18.jsonl: 145 responses, 21750 points -> 449 unique (300 new, 0 changed)
2026-09-08T14:31:03.289Z INFO     loader responses-2026-09-01T19.jsonl: 40 responses, 6000 points -> 189 unique (40 new, 0 changed)
2026-09-08T14:31:03.367Z INFO     loader responses-2026-09-01T20.jsonl: 1 responses, 150 points -> 150 unique (150 new, 0 changed)
2026-09-08T14:31:03.442Z INFO     loader responses-2026-09-01T21.jsonl: 1 responses, 150 points -> 150 unique (150 new, 0 changed)
2026-09-08T14:31:03.728Z INFO     loader responses-2026-09-01T23.jsonl: 150 responses, 22500 points -> 299 unique (299 new, 0 changed)
2026-09-08T14:31:04.098Z INFO     loader responses-2026-09-02T01.jsonl: 152 responses, 22800 points -> 301 unique (301 new, 0 changed)
2026-09-08T14:31:04.695Z INFO     loader responses-2026-09-02T02.jsonl: 300 responses, 45000 points -> 449 unique (300 new, 0 changed)
2026-09-08T14:31:05.269Z INFO     loader responses-2026-09-02T03.jsonl: 300 responses, 45000 points -> 449 unique (300 new, 0 changed)
2026-09-08T14:31:05.703Z INFO     loader responses-2026-09-02T04.jsonl: 228 responses, 34200 points -> 377 unique (228 new, 0 changed)
2026-09-08T14:31:06.028Z INFO     loader responses-2026-09-02T05.jsonl: 157 responses, 23550 points -> 306 unique (306 new, 0 changed)
2026-09-08T14:31:06.550Z INFO     loader responses-2026-09-02T06.jsonl: 300 responses, 45000 points -> 449 unique (300 new, 0 changed)
2026-09-08T14:31:07.071Z INFO     loader responses-2026-09-02T07.jsonl: 300 responses, 45000 points -> 449 unique (300 new, 0 changed)
2026-09-08T14:31:07.619Z INFO     loader responses-2026-09-02T08.jsonl: 300 responses, 45000 points -> 449 unique (300 new, 0 changed)
2026-09-08T14:31:08.417Z INFO     loader responses-2026-09-02T09.jsonl: 300 responses, 45000 points -> 449 unique (300 new, 0 changed)
2026-09-08T14:31:09.044Z INFO     loader responses-2026-09-02T10.jsonl: 300 responses, 45000 points -> 449 unique (300 new, 0 changed)
2026-09-08T14:31:09.706Z INFO     loader responses-2026-09-02T11.jsonl: 300 responses, 45000 points -> 449 unique (300 new, 0 changed)
2026-09-08T14:31:10.367Z INFO     loader responses-2026-09-02T12.jsonl: 300 responses, 45000 points -> 449 unique (300 new, 0 changed)
2026-09-08T14:31:10.783Z INFO     loader responses-2026-09-02T13.jsonl: 169 responses, 25350 points -> 319 unique (170 new, 0 changed)
2026-09-08T14:31:10.795Z WARNING  loader responses-2026-09-02T14.jsonl produced no rows; not marking complete.
2026-09-08T14:31:11.272Z INFO     loader responses-2026-09-02T15.jsonl: 265 responses, 39750 points -> 414 unique (414 new, 0 changed)
2026-09-08T14:31:11.858Z INFO     loader responses-2026-09-02T16.jsonl: 300 responses, 45000 points -> 449 unique (300 new, 0 changed)
2026-09-08T14:31:12.423Z INFO     loader responses-2026-09-02T17.jsonl: 300 responses, 45000 points -> 449 unique (300 new, 0 changed)
2026-09-08T14:31:12.849Z INFO     loader responses-2026-09-02T18.jsonl: 205 responses, 30750 points -> 354 unique (205 new, 0 changed)
2026-09-08T14:31:12.860Z WARNING  loader responses-2026-09-02T19.jsonl produced no rows; not marking complete.
2026-09-08T14:31:13.327Z INFO     loader responses-2026-09-02T20.jsonl: 242 responses, 36300 points -> 434 unique (434 new, 0 changed)
2026-09-08T14:31:13.889Z INFO     loader responses-2026-09-02T21.jsonl: 300 responses, 45000 points -> 449 unique (300 new, 0 changed)
2026-09-08T14:31:15.171Z INFO     loader responses-2026-09-02T22.jsonl: 300 responses, 45000 points -> 449 unique (300 new, 0 changed)
2026-09-08T14:31:15.660Z INFO     loader responses-2026-09-02T23.jsonl: 300 responses, 45000 points -> 449 unique (300 new, 0 changed)
2026-09-08T14:31:16.179Z INFO     loader responses-2026-09-03T00.jsonl: 300 responses, 45000 points -> 449 unique (300 new, 0 changed)
2026-09-08T14:31:16.684Z INFO     loader responses-2026-09-03T01.jsonl: 300 responses, 45000 points -> 449 unique (300 new, 0 changed)
2026-09-08T14:31:17.167Z INFO     loader responses-2026-09-03T02.jsonl: 300 responses, 45000 points -> 449 unique (300 new, 0 changed)
2026-09-08T14:31:17.668Z INFO     loader responses-2026-09-03T03.jsonl: 300 responses, 45000 points -> 449 unique (300 new, 0 changed)
2026-09-08T14:31:18.047Z INFO     loader responses-2026-09-03T04.jsonl: 232 responses, 34800 points -> 381 unique (232 new, 0 changed)
2026-09-08T14:31:18.233Z INFO     loader responses-2026-09-03T05.jsonl: 67 responses, 10050 points -> 360 unique (360 new, 0 changed)
2026-09-08T14:31:18.730Z INFO     loader responses-2026-09-03T06.jsonl: 300 responses, 45000 points -> 449 unique (300 new, 0 changed)
2026-09-08T14:31:19.237Z INFO     loader responses-2026-09-03T07.jsonl: 300 responses, 45000 points -> 449 unique (300 new, 0 changed)
2026-09-08T14:31:19.510Z INFO     loader responses-2026-09-03T08.jsonl: 149 responses, 22350 points -> 334 unique (185 new, 0 changed)
2026-09-08T14:31:19.513Z WARNING  loader responses-2026-09-03T09.jsonl produced no rows; not marking complete.
2026-09-08T14:31:19.946Z INFO     loader responses-2026-09-03T11.jsonl: 205 responses, 30750 points -> 354 unique (354 new, 0 changed)
2026-09-08T14:31:20.534Z INFO     loader responses-2026-09-03T12.jsonl: 300 responses, 45000 points -> 449 unique (300 new, 0 changed)
2026-09-08T14:31:21.486Z INFO     loader responses-2026-09-03T13.jsonl: 300 responses, 45000 points -> 449 unique (300 new, 0 changed)
2026-09-08T14:31:22.114Z INFO     loader responses-2026-09-03T14.jsonl: 300 responses, 45000 points -> 449 unique (300 new, 0 changed)
2026-09-08T14:31:22.704Z INFO     loader responses-2026-09-03T15.jsonl: 295 responses, 44250 points -> 449 unique (300 new, 0 changed)
2026-09-08T14:31:23.301Z INFO     loader responses-2026-09-03T16.jsonl: 300 responses, 45000 points -> 449 unique (300 new, 0 changed)
2026-09-08T14:31:23.864Z INFO     loader responses-2026-09-03T17.jsonl: 300 responses, 45000 points -> 449 unique (300 new, 0 changed)
2026-09-08T14:31:24.498Z INFO     loader responses-2026-09-03T18.jsonl: 300 responses, 45000 points -> 449 unique (300 new, 0 changed)
2026-09-08T14:31:25.028Z INFO     loader responses-2026-09-03T19.jsonl: 300 responses, 45000 points -> 449 unique (300 new, 0 changed)
2026-09-08T14:31:25.569Z INFO     loader responses-2026-09-03T20.jsonl: 300 responses, 45000 points -> 449 unique (300 new, 0 changed)
2026-09-08T14:31:26.119Z INFO     loader responses-2026-09-03T21.jsonl: 300 responses, 45000 points -> 449 unique (300 new, 0 changed)
2026-09-08T14:31:26.694Z INFO     loader responses-2026-09-03T22.jsonl: 300 responses, 45000 points -> 449 unique (300 new, 0 changed)
2026-09-08T14:31:27.224Z INFO     loader responses-2026-09-03T23.jsonl: 300 responses, 45000 points -> 449 unique (300 new, 0 changed)
2026-09-08T14:31:27.776Z INFO     loader responses-2026-09-04T00.jsonl: 300 responses, 45000 points -> 449 unique (300 new, 0 changed)
2026-09-08T14:31:28.325Z INFO     loader responses-2026-09-04T01.jsonl: 300 responses, 45000 points -> 449 unique (300 new, 0 changed)
2026-09-08T14:31:28.912Z INFO     loader responses-2026-09-04T02.jsonl: 300 responses, 45000 points -> 449 unique (300 new, 0 changed)
2026-09-08T14:31:29.488Z INFO     loader responses-2026-09-04T03.jsonl: 300 responses, 45000 points -> 449 unique (300 new, 0 changed)
2026-09-08T14:31:30.046Z INFO     loader responses-2026-09-04T04.jsonl: 300 responses, 45000 points -> 449 unique (300 new, 0 changed)
2026-09-08T14:31:30.693Z INFO     loader responses-2026-09-04T05.jsonl: 300 responses, 45000 points -> 449 unique (300 new, 0 changed)
2026-09-08T14:31:31.203Z INFO     loader responses-2026-09-04T06.jsonl: 300 responses, 45000 points -> 449 unique (300 new, 0 changed)
2026-09-08T14:31:31.466Z INFO     loader responses-2026-09-04T07.jsonl: 88 responses, 13200 points -> 316 unique (167 new, 0 changed)
2026-09-08T14:31:31.929Z INFO     loader responses-2026-09-04T11.jsonl: 205 responses, 30750 points -> 354 unique (354 new, 0 changed)
2026-09-08T14:31:32.493Z INFO     loader responses-2026-09-04T12.jsonl: 300 responses, 45000 points -> 449 unique (300 new, 0 changed)
2026-09-08T14:31:33.312Z INFO     loader responses-2026-09-04T13.jsonl: 300 responses, 45000 points -> 449 unique (300 new, 0 changed)
2026-09-08T14:31:33.959Z INFO     loader responses-2026-09-04T14.jsonl: 300 responses, 45000 points -> 449 unique (300 new, 0 changed)
2026-09-08T14:31:34.696Z INFO     loader responses-2026-09-04T15.jsonl: 300 responses, 45000 points -> 449 unique (300 new, 0 changed)
2026-09-08T14:31:35.386Z INFO     loader responses-2026-09-04T16.jsonl: 300 responses, 45000 points -> 449 unique (300 new, 0 changed)
2026-09-08T14:31:36.045Z INFO     loader responses-2026-09-04T17.jsonl: 300 responses, 45000 points -> 449 unique (300 new, 0 changed)
2026-09-08T14:31:36.765Z INFO     loader responses-2026-09-04T18.jsonl: 300 responses, 45000 points -> 449 unique (300 new, 0 changed)
2026-09-08T14:31:37.565Z INFO     loader responses-2026-09-04T19.jsonl: 300 responses, 45000 points -> 449 unique (300 new, 0 changed)
2026-09-08T14:31:39.028Z INFO     loader responses-2026-09-04T20.jsonl: 300 responses, 45000 points -> 449 unique (300 new, 0 changed)
2026-09-08T14:31:40.217Z INFO     loader responses-2026-09-04T21.jsonl: 300 responses, 45000 points -> 449 unique (300 new, 0 changed)
2026-09-08T14:31:41.819Z INFO     loader responses-2026-09-04T22.jsonl: 300 responses, 45000 points -> 449 unique (300 new, 0 changed)
2026-09-08T14:31:42.809Z INFO     loader responses-2026-09-04T23.jsonl: 300 responses, 45000 points -> 449 unique (300 new, 0 changed)
2026-09-08T14:31:44.961Z INFO     loader responses-2026-09-05T00.jsonl: 300 responses, 45000 points -> 449 unique (300 new, 0 changed)
2026-09-08T14:31:46.757Z INFO     loader responses-2026-09-05T01.jsonl: 300 responses, 45000 points -> 449 unique (300 new, 0 changed)
2026-09-08T14:31:48.482Z INFO     loader responses-2026-09-05T02.jsonl: 300 responses, 45000 points -> 449 unique (300 new, 0 changed)
2026-09-08T14:31:49.385Z INFO     loader responses-2026-09-05T03.jsonl: 300 responses, 45000 points -> 449 unique (300 new, 0 changed)
2026-09-08T14:31:51.194Z INFO     loader responses-2026-09-05T04.jsonl: 300 responses, 45000 points -> 449 unique (300 new, 0 changed)
2026-09-08T14:31:51.943Z INFO     loader responses-2026-09-05T05.jsonl: 300 responses, 45000 points -> 449 unique (300 new, 0 changed)
2026-09-08T14:31:52.694Z INFO     loader responses-2026-09-05T06.jsonl: 300 responses, 45000 points -> 449 unique (300 new, 0 changed)
2026-09-08T14:31:53.447Z INFO     loader responses-2026-09-05T07.jsonl: 300 responses, 45000 points -> 449 unique (300 new, 0 changed)
2026-09-08T14:31:54.105Z INFO     loader responses-2026-09-05T08.jsonl: 297 responses, 44550 points -> 449 unique (300 new, 0 changed)
2026-09-08T14:31:54.914Z INFO     loader responses-2026-09-05T09.jsonl: 300 responses, 45000 points -> 449 unique (300 new, 0 changed)
2026-09-08T14:31:55.614Z INFO     loader responses-2026-09-05T10.jsonl: 300 responses, 45000 points -> 449 unique (300 new, 0 changed)
2026-09-08T14:31:56.203Z INFO     loader responses-2026-09-05T11.jsonl: 254 responses, 38100 points -> 403 unique (254 new, 0 changed)
2026-09-08T14:31:56.618Z INFO     loader responses-2026-09-05T12.jsonl: 156 responses, 23400 points -> 305 unique (305 new, 0 changed)
2026-09-08T14:31:57.347Z INFO     loader responses-2026-09-05T13.jsonl: 300 responses, 45000 points -> 449 unique (300 new, 0 changed)
2026-09-08T14:31:58.170Z INFO     loader responses-2026-09-05T14.jsonl: 300 responses, 45000 points -> 449 unique (300 new, 0 changed)
2026-09-08T14:31:59.289Z INFO     loader responses-2026-09-05T15.jsonl: 300 responses, 45000 points -> 449 unique (300 new, 0 changed)
2026-09-08T14:32:00.284Z INFO     loader responses-2026-09-05T16.jsonl: 300 responses, 45000 points -> 449 unique (300 new, 0 changed)
2026-09-08T14:32:01.014Z INFO     loader responses-2026-09-05T17.jsonl: 229 responses, 34350 points -> 449 unique (300 new, 0 changed)
2026-09-08T14:32:01.804Z INFO     loader responses-2026-09-05T18.jsonl: 300 responses, 45000 points -> 449 unique (300 new, 0 changed)
2026-09-08T14:32:02.445Z INFO     loader responses-2026-09-05T19.jsonl: 300 responses, 45000 points -> 449 unique (300 new, 0 changed)
2026-09-08T14:32:03.136Z INFO     loader responses-2026-09-05T20.jsonl: 300 responses, 45000 points -> 449 unique (300 new, 0 changed)
2026-09-08T14:32:03.836Z INFO     loader responses-2026-09-05T21.jsonl: 300 responses, 45000 points -> 449 unique (300 new, 0 changed)
2026-09-08T14:32:04.579Z INFO     loader responses-2026-09-05T22.jsonl: 300 responses, 45000 points -> 449 unique (300 new, 0 changed)
2026-09-08T14:32:05.304Z INFO     loader responses-2026-09-05T23.jsonl: 300 responses, 45000 points -> 449 unique (300 new, 0 changed)
2026-09-08T14:32:06.107Z INFO     loader responses-2026-09-06T00.jsonl: 300 responses, 45000 points -> 449 unique (300 new, 0 changed)
2026-09-08T14:32:06.879Z INFO     loader responses-2026-09-06T01.jsonl: 300 responses, 45000 points -> 449 unique (300 new, 0 changed)
2026-09-08T14:32:07.586Z INFO     loader responses-2026-09-06T02.jsonl: 300 responses, 45000 points -> 449 unique (300 new, 0 changed)
2026-09-08T14:32:08.285Z INFO     loader responses-2026-09-06T03.jsonl: 300 responses, 45000 points -> 449 unique (300 new, 0 changed)
2026-09-08T14:32:09.117Z INFO     loader responses-2026-09-06T04.jsonl: 300 responses, 45000 points -> 449 unique (300 new, 0 changed)
2026-09-08T14:32:09.880Z INFO     loader responses-2026-09-06T05.jsonl: 281 responses, 42150 points -> 449 unique (300 new, 0 changed)
2026-09-08T14:32:11.044Z INFO     loader responses-2026-09-06T06.jsonl: 300 responses, 45000 points -> 449 unique (300 new, 0 changed)
2026-09-08T14:32:11.808Z INFO     loader responses-2026-09-06T07.jsonl: 300 responses, 45000 points -> 449 unique (300 new, 0 changed)
2026-09-08T14:32:12.668Z INFO     loader responses-2026-09-06T08.jsonl: 300 responses, 45000 points -> 449 unique (300 new, 0 changed)
2026-09-08T14:32:13.507Z INFO     loader responses-2026-09-06T09.jsonl: 300 responses, 45000 points -> 449 unique (300 new, 0 changed)
2026-09-08T14:32:14.211Z INFO     loader responses-2026-09-06T10.jsonl: 300 responses, 45000 points -> 449 unique (300 new, 0 changed)
2026-09-08T14:32:15.045Z INFO     loader responses-2026-09-06T11.jsonl: 300 responses, 45000 points -> 449 unique (300 new, 0 changed)
2026-09-08T14:32:15.703Z INFO     loader responses-2026-09-06T12.jsonl: 300 responses, 45000 points -> 449 unique (300 new, 0 changed)
2026-09-08T14:32:16.414Z INFO     loader responses-2026-09-06T13.jsonl: 300 responses, 45000 points -> 449 unique (300 new, 0 changed)
2026-09-08T14:32:17.119Z INFO     loader responses-2026-09-06T14.jsonl: 300 responses, 45000 points -> 449 unique (300 new, 0 changed)
2026-09-08T14:32:17.783Z INFO     loader responses-2026-09-06T15.jsonl: 300 responses, 45000 points -> 449 unique (300 new, 0 changed)
2026-09-08T14:32:18.433Z INFO     loader responses-2026-09-06T16.jsonl: 300 responses, 45000 points -> 449 unique (300 new, 0 changed)
2026-09-08T14:32:19.160Z INFO     loader responses-2026-09-06T17.jsonl: 300 responses, 45000 points -> 449 unique (300 new, 0 changed)
2026-09-08T14:32:19.843Z INFO     loader responses-2026-09-06T18.jsonl: 300 responses, 45000 points -> 449 unique (300 new, 0 changed)
2026-09-08T14:32:21.131Z INFO     loader responses-2026-09-06T19.jsonl: 300 responses, 45000 points -> 449 unique (300 new, 0 changed)
2026-09-08T14:32:22.147Z INFO     loader responses-2026-09-06T20.jsonl: 300 responses, 45000 points -> 449 unique (300 new, 0 changed)
2026-09-08T14:32:22.833Z INFO     loader responses-2026-09-06T21.jsonl: 300 responses, 45000 points -> 449 unique (300 new, 0 changed)
2026-09-08T14:32:23.506Z INFO     loader responses-2026-09-06T22.jsonl: 300 responses, 45000 points -> 449 unique (300 new, 0 changed)
2026-09-08T14:32:24.387Z INFO     loader responses-2026-09-06T23.jsonl: 300 responses, 45000 points -> 449 unique (300 new, 0 changed)
2026-09-08T14:32:25.130Z INFO     loader responses-2026-09-07T00.jsonl: 300 responses, 45000 points -> 449 unique (300 new, 0 changed)
2026-09-08T14:32:25.820Z INFO     loader responses-2026-09-07T01.jsonl: 300 responses, 45000 points -> 449 unique (300 new, 0 changed)
2026-09-08T14:32:26.559Z INFO     loader responses-2026-09-07T02.jsonl: 300 responses, 45000 points -> 449 unique (300 new, 0 changed)
2026-09-08T14:32:27.218Z INFO     loader responses-2026-09-07T03.jsonl: 300 responses, 45000 points -> 449 unique (300 new, 0 changed)
2026-09-08T14:32:28.019Z INFO     loader responses-2026-09-07T04.jsonl: 300 responses, 45000 points -> 449 unique (300 new, 0 changed)
2026-09-08T14:32:28.657Z INFO     loader responses-2026-09-07T05.jsonl: 300 responses, 45000 points -> 449 unique (300 new, 0 changed)
2026-09-08T14:32:29.351Z INFO     loader responses-2026-09-07T06.jsonl: 300 responses, 45000 points -> 449 unique (300 new, 0 changed)
2026-09-08T14:32:30.075Z INFO     loader responses-2026-09-07T07.jsonl: 300 responses, 45000 points -> 449 unique (300 new, 0 changed)
2026-09-08T14:32:30.823Z INFO     loader responses-2026-09-07T08.jsonl: 300 responses, 45000 points -> 449 unique (300 new, 0 changed)
2026-09-08T14:32:31.475Z INFO     loader responses-2026-09-07T09.jsonl: 300 responses, 45000 points -> 449 unique (300 new, 0 changed)
2026-09-08T14:32:32.157Z INFO     loader responses-2026-09-07T10.jsonl: 300 responses, 45000 points -> 449 unique (300 new, 0 changed)
2026-09-08T14:32:32.840Z INFO     loader responses-2026-09-07T11.jsonl: 300 responses, 45000 points -> 449 unique (300 new, 0 changed)
2026-09-08T14:32:33.494Z INFO     loader responses-2026-09-07T12.jsonl: 300 responses, 45000 points -> 449 unique (300 new, 0 changed)
2026-09-08T14:32:34.167Z INFO     loader responses-2026-09-07T13.jsonl: 300 responses, 45000 points -> 449 unique (300 new, 0 changed)
2026-09-08T14:32:34.892Z INFO     loader responses-2026-09-07T14.jsonl: 300 responses, 45000 points -> 449 unique (300 new, 0 changed)
2026-09-08T14:32:35.472Z INFO     loader responses-2026-09-07T15.jsonl: 300 responses, 45000 points -> 449 unique (300 new, 0 changed)
2026-09-08T14:32:36.109Z INFO     loader responses-2026-09-07T16.jsonl: 300 responses, 45000 points -> 449 unique (300 new, 0 changed)
2026-09-08T14:32:36.801Z INFO     loader responses-2026-09-07T17.jsonl: 300 responses, 45000 points -> 449 unique (300 new, 0 changed)
2026-09-08T14:32:37.459Z INFO     loader responses-2026-09-07T18.jsonl: 300 responses, 45000 points -> 449 unique (300 new, 0 changed)
2026-09-08T14:32:38.162Z INFO     loader responses-2026-09-07T19.jsonl: 300 responses, 45000 points -> 449 unique (300 new, 0 changed)
2026-09-08T14:32:38.827Z INFO     loader responses-2026-09-07T20.jsonl: 300 responses, 45000 points -> 449 unique (300 new, 0 changed)
2026-09-08T14:32:39.515Z INFO     loader responses-2026-09-07T21.jsonl: 300 responses, 45000 points -> 449 unique (300 new, 0 changed)
2026-09-08T14:32:40.167Z INFO     loader responses-2026-09-07T22.jsonl: 300 responses, 45000 points -> 449 unique (300 new, 0 changed)
2026-09-08T14:32:40.916Z INFO     loader responses-2026-09-07T23.jsonl: 300 responses, 45000 points -> 449 unique (300 new, 0 changed)
2026-09-08T14:32:41.603Z INFO     loader responses-2026-09-08T00.jsonl: 300 responses, 45000 points -> 449 unique (300 new, 0 changed)
2026-09-08T14:32:42.251Z INFO     loader responses-2026-09-08T01.jsonl: 300 responses, 45000 points -> 449 unique (300 new, 0 changed)
2026-09-08T14:32:43.008Z INFO     loader responses-2026-09-08T02.jsonl: 300 responses, 45000 points -> 449 unique (300 new, 0 changed)
2026-09-08T14:32:43.791Z INFO     loader responses-2026-09-08T03.jsonl: 300 responses, 45000 points -> 449 unique (300 new, 0 changed)
2026-09-08T14:32:44.494Z INFO     loader responses-2026-09-08T04.jsonl: 300 responses, 45000 points -> 449 unique (300 new, 0 changed)
2026-09-08T14:32:45.186Z INFO     loader responses-2026-09-08T05.jsonl: 300 responses, 45000 points -> 449 unique (300 new, 0 changed)
2026-09-08T14:32:45.778Z INFO     loader responses-2026-09-08T06.jsonl: 300 responses, 45000 points -> 449 unique (300 new, 0 changed)
2026-09-08T14:32:46.426Z INFO     loader responses-2026-09-08T07.jsonl: 300 responses, 45000 points -> 449 unique (300 new, 0 changed)
2026-09-08T14:32:47.100Z INFO     loader responses-2026-09-08T08.jsonl: 300 responses, 45000 points -> 449 unique (300 new, 0 changed)
2026-09-08T14:32:47.759Z INFO     loader responses-2026-09-08T09.jsonl: 300 responses, 45000 points -> 449 unique (300 new, 0 changed)
2026-09-08T14:32:48.414Z INFO     loader responses-2026-09-08T10.jsonl: 300 responses, 45000 points -> 449 unique (300 new, 0 changed)
2026-09-08T14:32:49.149Z INFO     loader responses-2026-09-08T11.jsonl: 300 responses, 45000 points -> 449 unique (300 new, 0 changed)
2026-09-08T14:32:49.788Z INFO     loader responses-2026-09-08T12.jsonl: 295 responses, 44250 points -> 449 unique (300 new, 0 changed)
2026-09-08T14:32:50.438Z INFO     loader responses-2026-09-08T13.jsonl: 300 responses, 45000 points -> 449 unique (300 new, 0 changed)
2026-09-08T14:32:50.890Z INFO     loader responses-2026-09-08T14.jsonl: 164 responses, 24600 points -> 313 unique (164 new, 0 changed)  [not marked: newest file]
2026-09-09T14:43:04.690Z INFO     loader 386 files found, 357 already loaded.
2026-09-09T14:43:04.735Z WARNING  loader responses-2026-08-31T17.jsonl produced no rows; not marking complete.
2026-09-09T14:43:04.756Z WARNING  loader responses-2026-08-31T18.jsonl produced no rows; not marking complete.
2026-09-09T14:43:04.775Z WARNING  loader responses-2026-09-02T14.jsonl produced no rows; not marking complete.
2026-09-09T14:43:04.790Z WARNING  loader responses-2026-09-02T19.jsonl produced no rows; not marking complete.
2026-09-09T14:43:04.808Z WARNING  loader responses-2026-09-03T09.jsonl produced no rows; not marking complete.
2026-09-09T14:43:05.869Z INFO     loader responses-2026-09-08T14.jsonl: 300 responses, 45000 points -> 449 unique (136 new, 0 changed)
2026-09-09T14:43:06.237Z INFO     loader responses-2026-09-08T15.jsonl: 69 responses, 10350 points -> 218 unique (69 new, 0 changed)
2026-09-09T14:43:06.435Z INFO     loader responses-2026-09-08T17.jsonl: 51 responses, 7650 points -> 200 unique (200 new, 0 changed)
2026-09-09T14:43:06.660Z INFO     loader responses-2026-09-08T18.jsonl: 56 responses, 8400 points -> 205 unique (205 new, 0 changed)
2026-09-09T14:43:08.028Z INFO     loader responses-2026-09-08T19.jsonl: 300 responses, 45000 points -> 449 unique (300 new, 0 changed)
2026-09-09T14:43:08.546Z INFO     loader responses-2026-09-08T20.jsonl: 300 responses, 45000 points -> 449 unique (300 new, 0 changed)
2026-09-09T14:43:09.105Z INFO     loader responses-2026-09-08T21.jsonl: 300 responses, 45000 points -> 449 unique (300 new, 0 changed)
2026-09-09T14:43:09.859Z INFO     loader responses-2026-09-08T22.jsonl: 300 responses, 45000 points -> 449 unique (300 new, 0 changed)
2026-09-09T14:43:10.364Z INFO     loader responses-2026-09-08T23.jsonl: 300 responses, 45000 points -> 449 unique (300 new, 0 changed)
2026-09-09T14:43:11.082Z INFO     loader responses-2026-09-09T00.jsonl: 300 responses, 45000 points -> 449 unique (300 new, 0 changed)
2026-09-09T14:43:11.649Z INFO     loader responses-2026-09-09T01.jsonl: 300 responses, 45000 points -> 449 unique (300 new, 0 changed)
2026-09-09T14:43:12.161Z INFO     loader responses-2026-09-09T02.jsonl: 300 responses, 45000 points -> 449 unique (300 new, 0 changed)
2026-09-09T14:43:12.661Z INFO     loader responses-2026-09-09T03.jsonl: 300 responses, 45000 points -> 449 unique (300 new, 0 changed)
2026-09-09T14:43:13.199Z INFO     loader responses-2026-09-09T04.jsonl: 300 responses, 45000 points -> 449 unique (300 new, 0 changed)
2026-09-09T14:43:13.780Z INFO     loader responses-2026-09-09T05.jsonl: 300 responses, 45000 points -> 449 unique (300 new, 0 changed)
2026-09-09T14:43:14.499Z INFO     loader responses-2026-09-09T06.jsonl: 300 responses, 45000 points -> 449 unique (300 new, 0 changed)
2026-09-09T14:43:15.167Z INFO     loader responses-2026-09-09T07.jsonl: 294 responses, 44100 points -> 449 unique (300 new, 0 changed)
2026-09-09T14:43:15.697Z INFO     loader responses-2026-09-09T08.jsonl: 300 responses, 45000 points -> 449 unique (300 new, 0 changed)
2026-09-09T14:43:16.309Z INFO     loader responses-2026-09-09T09.jsonl: 300 responses, 45000 points -> 449 unique (300 new, 0 changed)
2026-09-09T14:43:16.993Z INFO     loader responses-2026-09-09T10.jsonl: 300 responses, 45000 points -> 449 unique (300 new, 0 changed)
2026-09-09T14:43:17.605Z INFO     loader responses-2026-09-09T11.jsonl: 300 responses, 45000 points -> 449 unique (300 new, 0 changed)
2026-09-09T14:43:18.127Z INFO     loader responses-2026-09-09T12.jsonl: 293 responses, 43950 points -> 449 unique (300 new, 0 changed)
2026-09-09T14:43:18.777Z INFO     loader responses-2026-09-09T13.jsonl: 300 responses, 45000 points -> 449 unique (300 new, 0 changed)
2026-09-09T14:43:19.493Z INFO     loader responses-2026-09-09T14.jsonl: 216 responses, 32400 points -> 365 unique (216 new, 0 changed)  [not marked: newest file]
2026-09-16T04:55:34.969Z INFO     loader 515 files found, 380 already loaded.
2026-09-16T04:55:34.984Z WARNING  loader responses-2026-08-31T17.jsonl produced no rows; not marking complete.
2026-09-16T04:55:34.997Z WARNING  loader responses-2026-08-31T18.jsonl produced no rows; not marking complete.
2026-09-16T04:55:35.011Z WARNING  loader responses-2026-09-02T14.jsonl produced no rows; not marking complete.
2026-09-16T04:55:35.018Z WARNING  loader responses-2026-09-02T19.jsonl produced no rows; not marking complete.
2026-09-16T04:55:35.033Z WARNING  loader responses-2026-09-03T09.jsonl produced no rows; not marking complete.
2026-09-16T04:55:35.851Z INFO     loader responses-2026-09-09T14.jsonl: 300 responses, 45000 points -> 449 unique (84 new, 0 changed)
2026-09-16T04:55:36.418Z INFO     loader responses-2026-09-09T15.jsonl: 300 responses, 45000 points -> 449 unique (300 new, 0 changed)
2026-09-16T04:55:37.059Z INFO     loader responses-2026-09-09T16.jsonl: 300 responses, 45000 points -> 449 unique (300 new, 0 changed)
2026-09-16T04:55:37.562Z INFO     loader responses-2026-09-09T17.jsonl: 300 responses, 45000 points -> 449 unique (300 new, 0 changed)
2026-09-16T04:55:38.041Z INFO     loader responses-2026-09-09T18.jsonl: 299 responses, 44850 points -> 449 unique (300 new, 0 changed)
2026-09-16T04:55:38.274Z INFO     loader responses-2026-09-09T19.jsonl: 79 responses, 11850 points -> 377 unique (228 new, 0 changed)
2026-09-16T04:55:38.854Z INFO     loader responses-2026-09-09T20.jsonl: 300 responses, 45000 points -> 449 unique (300 new, 0 changed)
2026-09-16T04:55:39.500Z INFO     loader responses-2026-09-09T21.jsonl: 300 responses, 45000 points -> 449 unique (300 new, 0 changed)
2026-09-16T04:55:39.866Z INFO     loader responses-2026-09-09T22.jsonl: 166 responses, 24900 points -> 315 unique (166 new, 0 changed)
2026-09-16T04:55:40.454Z INFO     loader responses-2026-09-10T03.jsonl: 215 responses, 32250 points -> 364 unique (364 new, 0 changed)
2026-09-16T04:55:41.024Z INFO     loader responses-2026-09-10T04.jsonl: 300 responses, 45000 points -> 449 unique (300 new, 0 changed)
2026-09-16T04:55:41.536Z INFO     loader responses-2026-09-10T05.jsonl: 249 responses, 37350 points -> 449 unique (300 new, 0 changed)
2026-09-16T04:55:42.057Z INFO     loader responses-2026-09-10T06.jsonl: 300 responses, 45000 points -> 449 unique (300 new, 0 changed)
2026-09-16T04:55:42.545Z INFO     loader responses-2026-09-10T07.jsonl: 300 responses, 45000 points -> 449 unique (300 new, 0 changed)
2026-09-16T04:55:43.229Z INFO     loader responses-2026-09-10T08.jsonl: 300 responses, 45000 points -> 449 unique (300 new, 0 changed)
2026-09-16T04:55:43.738Z INFO     loader responses-2026-09-10T09.jsonl: 300 responses, 45000 points -> 449 unique (300 new, 0 changed)
2026-09-16T04:55:44.460Z INFO     loader responses-2026-09-10T10.jsonl: 299 responses, 44850 points -> 449 unique (300 new, 0 changed)
2026-09-16T04:55:45.376Z INFO     loader responses-2026-09-10T11.jsonl: 300 responses, 45000 points -> 449 unique (300 new, 0 changed)
2026-09-16T04:55:46.022Z INFO     loader responses-2026-09-10T12.jsonl: 300 responses, 45000 points -> 449 unique (300 new, 0 changed)
2026-09-16T04:55:46.694Z INFO     loader responses-2026-09-10T13.jsonl: 300 responses, 45000 points -> 449 unique (300 new, 0 changed)
2026-09-16T04:55:47.397Z INFO     loader responses-2026-09-10T14.jsonl: 300 responses, 45000 points -> 449 unique (300 new, 0 changed)
2026-09-16T04:55:48.005Z INFO     loader responses-2026-09-10T15.jsonl: 300 responses, 45000 points -> 449 unique (300 new, 0 changed)
2026-09-16T04:55:48.534Z INFO     loader responses-2026-09-10T16.jsonl: 300 responses, 45000 points -> 449 unique (300 new, 0 changed)
2026-09-16T04:55:49.183Z INFO     loader responses-2026-09-10T17.jsonl: 300 responses, 45000 points -> 449 unique (300 new, 0 changed)
2026-09-16T04:55:49.732Z INFO     loader responses-2026-09-10T18.jsonl: 300 responses, 45000 points -> 449 unique (300 new, 0 changed)
2026-09-16T04:55:50.405Z INFO     loader responses-2026-09-10T19.jsonl: 300 responses, 45000 points -> 449 unique (300 new, 0 changed)
2026-09-16T04:55:51.050Z INFO     loader responses-2026-09-10T20.jsonl: 300 responses, 45000 points -> 449 unique (300 new, 0 changed)
2026-09-16T04:55:51.567Z INFO     loader responses-2026-09-10T21.jsonl: 300 responses, 45000 points -> 449 unique (300 new, 0 changed)
2026-09-16T04:55:52.111Z INFO     loader responses-2026-09-10T22.jsonl: 299 responses, 44850 points -> 449 unique (300 new, 0 changed)
2026-09-16T04:55:52.716Z INFO     loader responses-2026-09-10T23.jsonl: 299 responses, 44850 points -> 449 unique (300 new, 0 changed)
2026-09-16T04:55:53.291Z INFO     loader responses-2026-09-11T00.jsonl: 299 responses, 44850 points -> 449 unique (300 new, 0 changed)
2026-09-16T04:55:53.878Z INFO     loader responses-2026-09-11T01.jsonl: 299 responses, 44850 points -> 449 unique (300 new, 0 changed)
2026-09-16T04:55:54.499Z INFO     loader responses-2026-09-11T02.jsonl: 300 responses, 45000 points -> 449 unique (300 new, 0 changed)
2026-09-16T04:55:55.092Z INFO     loader responses-2026-09-11T03.jsonl: 300 responses, 45000 points -> 449 unique (300 new, 0 changed)
2026-09-16T04:55:55.641Z INFO     loader responses-2026-09-11T04.jsonl: 300 responses, 45000 points -> 449 unique (300 new, 0 changed)
2026-09-16T04:55:56.150Z INFO     loader responses-2026-09-11T05.jsonl: 300 responses, 45000 points -> 449 unique (300 new, 0 changed)
2026-09-16T04:55:56.786Z INFO     loader responses-2026-09-11T06.jsonl: 300 responses, 45000 points -> 449 unique (300 new, 0 changed)
2026-09-16T04:55:57.841Z INFO     loader responses-2026-09-11T07.jsonl: 300 responses, 45000 points -> 449 unique (300 new, 0 changed)
2026-09-16T04:55:58.515Z INFO     loader responses-2026-09-11T08.jsonl: 300 responses, 45000 points -> 449 unique (300 new, 0 changed)
2026-09-16T04:55:59.394Z INFO     loader responses-2026-09-11T09.jsonl: 300 responses, 45000 points -> 449 unique (300 new, 0 changed)
2026-09-16T04:56:00.350Z INFO     loader responses-2026-09-11T10.jsonl: 300 responses, 45000 points -> 449 unique (300 new, 0 changed)
2026-09-16T04:56:01.146Z INFO     loader responses-2026-09-11T11.jsonl: 300 responses, 45000 points -> 449 unique (300 new, 0 changed)
2026-09-16T04:56:01.904Z INFO     loader responses-2026-09-11T12.jsonl: 275 responses, 41250 points -> 449 unique (300 new, 0 changed)
2026-09-16T04:56:02.710Z INFO     loader responses-2026-09-11T13.jsonl: 300 responses, 45000 points -> 449 unique (300 new, 0 changed)
2026-09-16T04:56:03.555Z INFO     loader responses-2026-09-11T14.jsonl: 300 responses, 45000 points -> 449 unique (300 new, 0 changed)
2026-09-16T04:56:04.258Z INFO     loader responses-2026-09-11T15.jsonl: 300 responses, 45000 points -> 449 unique (300 new, 0 changed)
2026-09-16T04:56:04.905Z INFO     loader responses-2026-09-11T16.jsonl: 300 responses, 45000 points -> 449 unique (300 new, 0 changed)
2026-09-16T04:56:05.730Z INFO     loader responses-2026-09-11T17.jsonl: 300 responses, 45000 points -> 449 unique (300 new, 0 changed)
2026-09-16T04:56:06.441Z INFO     loader responses-2026-09-11T18.jsonl: 300 responses, 45000 points -> 449 unique (300 new, 0 changed)
2026-09-16T04:56:06.818Z INFO     loader responses-2026-09-11T19.jsonl: 64 responses, 9600 points -> 220 unique (71 new, 0 changed)
2026-09-16T04:56:07.445Z INFO     loader responses-2026-09-12T01.jsonl: 228 responses, 34200 points -> 377 unique (377 new, 0 changed)
2026-09-16T04:56:08.146Z INFO     loader responses-2026-09-12T02.jsonl: 300 responses, 45000 points -> 449 unique (300 new, 0 changed)
2026-09-16T04:56:08.815Z INFO     loader responses-2026-09-12T03.jsonl: 300 responses, 45000 points -> 449 unique (300 new, 0 changed)
2026-09-16T04:56:09.526Z INFO     loader responses-2026-09-12T04.jsonl: 300 responses, 45000 points -> 449 unique (300 new, 0 changed)
2026-09-16T04:56:10.132Z INFO     loader responses-2026-09-12T05.jsonl: 300 responses, 45000 points -> 449 unique (300 new, 0 changed)
2026-09-16T04:56:10.873Z INFO     loader responses-2026-09-12T06.jsonl: 300 responses, 45000 points -> 449 unique (300 new, 0 changed)
2026-09-16T04:56:11.556Z INFO     loader responses-2026-09-12T07.jsonl: 300 responses, 45000 points -> 449 unique (300 new, 0 changed)
2026-09-16T04:56:12.222Z INFO     loader responses-2026-09-12T08.jsonl: 300 responses, 45000 points -> 449 unique (300 new, 0 changed)
2026-09-16T04:56:12.907Z INFO     loader responses-2026-09-12T09.jsonl: 300 responses, 45000 points -> 449 unique (300 new, 0 changed)
2026-09-16T04:56:13.605Z INFO     loader responses-2026-09-12T10.jsonl: 300 responses, 45000 points -> 449 unique (300 new, 0 changed)
2026-09-16T04:56:14.396Z INFO     loader responses-2026-09-12T11.jsonl: 300 responses, 45000 points -> 449 unique (300 new, 0 changed)
2026-09-16T04:56:15.212Z INFO     loader responses-2026-09-12T12.jsonl: 300 responses, 45000 points -> 449 unique (300 new, 0 changed)
2026-09-16T04:56:15.901Z INFO     loader responses-2026-09-12T13.jsonl: 300 responses, 45000 points -> 449 unique (300 new, 0 changed)
2026-09-16T04:56:16.709Z INFO     loader responses-2026-09-12T14.jsonl: 300 responses, 45000 points -> 449 unique (300 new, 0 changed)
2026-09-16T04:56:17.376Z INFO     loader responses-2026-09-12T15.jsonl: 300 responses, 45000 points -> 449 unique (300 new, 0 changed)
2026-09-16T04:56:18.273Z INFO     loader responses-2026-09-12T16.jsonl: 300 responses, 45000 points -> 449 unique (300 new, 0 changed)
2026-09-16T04:56:18.919Z INFO     loader responses-2026-09-12T17.jsonl: 300 responses, 45000 points -> 449 unique (300 new, 0 changed)
2026-09-16T04:56:19.564Z INFO     loader responses-2026-09-12T18.jsonl: 300 responses, 45000 points -> 449 unique (300 new, 0 changed)
2026-09-16T04:56:20.128Z INFO     loader responses-2026-09-12T19.jsonl: 300 responses, 45000 points -> 449 unique (300 new, 0 changed)
2026-09-16T04:56:20.685Z INFO     loader responses-2026-09-12T20.jsonl: 295 responses, 44250 points -> 449 unique (300 new, 0 changed)
2026-09-16T04:56:21.192Z INFO     loader responses-2026-09-12T21.jsonl: 300 responses, 45000 points -> 449 unique (300 new, 0 changed)
2026-09-16T04:56:21.698Z INFO     loader responses-2026-09-12T22.jsonl: 300 responses, 45000 points -> 449 unique (300 new, 0 changed)
2026-09-16T04:56:22.197Z INFO     loader responses-2026-09-12T23.jsonl: 300 responses, 45000 points -> 449 unique (300 new, 0 changed)
2026-09-16T04:56:22.778Z INFO     loader responses-2026-09-13T00.jsonl: 300 responses, 45000 points -> 449 unique (300 new, 0 changed)
2026-09-16T04:56:23.268Z INFO     loader responses-2026-09-13T01.jsonl: 300 responses, 45000 points -> 449 unique (300 new, 0 changed)
2026-09-16T04:56:24.047Z INFO     loader responses-2026-09-13T02.jsonl: 300 responses, 45000 points -> 449 unique (300 new, 0 changed)
2026-09-16T04:56:24.544Z INFO     loader responses-2026-09-13T03.jsonl: 300 responses, 45000 points -> 449 unique (300 new, 0 changed)
2026-09-16T04:56:25.044Z INFO     loader responses-2026-09-13T04.jsonl: 300 responses, 45000 points -> 449 unique (300 new, 0 changed)
2026-09-16T04:56:25.540Z INFO     loader responses-2026-09-13T05.jsonl: 300 responses, 45000 points -> 449 unique (300 new, 0 changed)
2026-09-16T04:56:26.046Z INFO     loader responses-2026-09-13T06.jsonl: 300 responses, 45000 points -> 449 unique (300 new, 0 changed)
2026-09-16T04:56:26.655Z INFO     loader responses-2026-09-13T07.jsonl: 300 responses, 45000 points -> 449 unique (300 new, 0 changed)
2026-09-16T04:56:27.213Z INFO     loader responses-2026-09-13T08.jsonl: 300 responses, 45000 points -> 449 unique (300 new, 0 changed)
2026-09-16T04:56:27.741Z INFO     loader responses-2026-09-13T09.jsonl: 300 responses, 45000 points -> 449 unique (300 new, 0 changed)
2026-09-16T04:56:28.229Z INFO     loader responses-2026-09-13T10.jsonl: 300 responses, 45000 points -> 449 unique (300 new, 0 changed)
2026-09-16T04:56:28.813Z INFO     loader responses-2026-09-13T11.jsonl: 300 responses, 45000 points -> 449 unique (300 new, 0 changed)
2026-09-16T04:56:29.340Z INFO     loader responses-2026-09-13T12.jsonl: 300 responses, 45000 points -> 449 unique (300 new, 0 changed)
2026-09-16T04:56:30.024Z INFO     loader responses-2026-09-13T13.jsonl: 300 responses, 45000 points -> 449 unique (300 new, 0 changed)
2026-09-16T04:56:30.541Z INFO     loader responses-2026-09-13T14.jsonl: 300 responses, 45000 points -> 449 unique (300 new, 0 changed)
2026-09-16T04:56:31.066Z INFO     loader responses-2026-09-13T15.jsonl: 300 responses, 45000 points -> 449 unique (300 new, 0 changed)
2026-09-16T04:56:31.578Z INFO     loader responses-2026-09-13T16.jsonl: 300 responses, 45000 points -> 449 unique (300 new, 0 changed)
2026-09-16T04:56:32.088Z INFO     loader responses-2026-09-13T17.jsonl: 300 responses, 45000 points -> 449 unique (300 new, 0 changed)
2026-09-16T04:56:32.573Z INFO     loader responses-2026-09-13T18.jsonl: 300 responses, 45000 points -> 449 unique (300 new, 0 changed)
2026-09-16T04:56:33.089Z INFO     loader responses-2026-09-13T19.jsonl: 300 responses, 45000 points -> 449 unique (300 new, 0 changed)
2026-09-16T04:56:33.573Z INFO     loader responses-2026-09-13T20.jsonl: 300 responses, 45000 points -> 449 unique (300 new, 0 changed)
2026-09-16T04:56:34.058Z INFO     loader responses-2026-09-13T21.jsonl: 300 responses, 45000 points -> 449 unique (300 new, 0 changed)
2026-09-16T04:56:34.586Z INFO     loader responses-2026-09-13T22.jsonl: 300 responses, 45000 points -> 449 unique (300 new, 0 changed)
2026-09-16T04:56:35.215Z INFO     loader responses-2026-09-13T23.jsonl: 300 responses, 45000 points -> 449 unique (300 new, 0 changed)
2026-09-16T04:56:35.909Z INFO     loader responses-2026-09-14T00.jsonl: 300 responses, 45000 points -> 449 unique (300 new, 0 changed)
2026-09-16T04:56:36.422Z INFO     loader responses-2026-09-14T01.jsonl: 300 responses, 45000 points -> 449 unique (300 new, 0 changed)
2026-09-16T04:56:37.084Z INFO     loader responses-2026-09-14T02.jsonl: 300 responses, 45000 points -> 449 unique (300 new, 0 changed)
2026-09-16T04:56:37.590Z INFO     loader responses-2026-09-14T03.jsonl: 300 responses, 45000 points -> 449 unique (300 new, 0 changed)
2026-09-16T04:56:38.089Z INFO     loader responses-2026-09-14T04.jsonl: 300 responses, 45000 points -> 449 unique (300 new, 0 changed)
2026-09-16T04:56:38.563Z INFO     loader responses-2026-09-14T05.jsonl: 300 responses, 45000 points -> 449 unique (300 new, 0 changed)
2026-09-16T04:56:39.129Z INFO     loader responses-2026-09-14T06.jsonl: 300 responses, 45000 points -> 449 unique (300 new, 0 changed)
2026-09-16T04:56:39.633Z INFO     loader responses-2026-09-14T07.jsonl: 300 responses, 45000 points -> 449 unique (300 new, 0 changed)
2026-09-16T04:56:40.152Z INFO     loader responses-2026-09-14T08.jsonl: 300 responses, 45000 points -> 449 unique (300 new, 0 changed)
2026-09-16T04:56:40.684Z INFO     loader responses-2026-09-14T09.jsonl: 300 responses, 45000 points -> 449 unique (300 new, 0 changed)
2026-09-16T04:56:41.219Z INFO     loader responses-2026-09-14T10.jsonl: 300 responses, 45000 points -> 449 unique (300 new, 0 changed)
2026-09-16T04:56:41.708Z INFO     loader responses-2026-09-14T11.jsonl: 300 responses, 45000 points -> 449 unique (300 new, 0 changed)
2026-09-16T04:56:42.223Z INFO     loader responses-2026-09-14T12.jsonl: 300 responses, 45000 points -> 449 unique (300 new, 0 changed)
2026-09-16T04:56:42.744Z INFO     loader responses-2026-09-14T13.jsonl: 300 responses, 45000 points -> 449 unique (300 new, 0 changed)
2026-09-16T04:56:43.286Z INFO     loader responses-2026-09-14T14.jsonl: 300 responses, 45000 points -> 449 unique (300 new, 0 changed)
2026-09-16T04:56:43.816Z INFO     loader responses-2026-09-14T15.jsonl: 300 responses, 45000 points -> 449 unique (300 new, 0 changed)
2026-09-16T04:56:44.310Z INFO     loader responses-2026-09-14T16.jsonl: 300 responses, 45000 points -> 449 unique (300 new, 0 changed)
2026-09-16T04:56:44.805Z INFO     loader responses-2026-09-14T17.jsonl: 300 responses, 45000 points -> 449 unique (300 new, 0 changed)
2026-09-16T04:56:45.379Z INFO     loader responses-2026-09-14T18.jsonl: 300 responses, 45000 points -> 449 unique (300 new, 0 changed)
2026-09-16T04:56:45.535Z INFO     loader responses-2026-09-14T19.jsonl: 58 responses, 8700 points -> 207 unique (58 new, 0 changed)
2026-09-16T04:56:45.542Z WARNING  loader responses-2026-09-15T01.jsonl produced no rows; not marking complete.
2026-09-16T04:56:45.901Z INFO     loader responses-2026-09-15T11.jsonl: 166 responses, 24900 points -> 315 unique (315 new, 0 changed)
2026-09-16T04:56:46.405Z INFO     loader responses-2026-09-15T12.jsonl: 300 responses, 45000 points -> 449 unique (300 new, 0 changed)
2026-09-16T04:56:47.168Z INFO     loader responses-2026-09-15T13.jsonl: 300 responses, 45000 points -> 449 unique (300 new, 0 changed)
2026-09-16T04:56:47.764Z INFO     loader responses-2026-09-15T14.jsonl: 300 responses, 45000 points -> 449 unique (300 new, 0 changed)
2026-09-16T04:56:48.366Z INFO     loader responses-2026-09-15T15.jsonl: 300 responses, 45000 points -> 449 unique (300 new, 0 changed)
2026-09-16T04:56:48.793Z INFO     loader responses-2026-09-15T16.jsonl: 225 responses, 33750 points -> 449 unique (300 new, 0 changed)
2026-09-16T04:56:49.341Z INFO     loader responses-2026-09-15T17.jsonl: 300 responses, 45000 points -> 449 unique (300 new, 0 changed)
2026-09-16T04:56:49.843Z INFO     loader responses-2026-09-15T18.jsonl: 300 responses, 45000 points -> 449 unique (300 new, 0 changed)
2026-09-16T04:56:50.330Z INFO     loader responses-2026-09-15T19.jsonl: 300 responses, 45000 points -> 449 unique (300 new, 0 changed)
2026-09-16T04:56:50.856Z INFO     loader responses-2026-09-15T20.jsonl: 300 responses, 45000 points -> 449 unique (300 new, 0 changed)
2026-09-16T04:56:50.935Z INFO     loader responses-2026-09-15T21.jsonl: 1 responses, 150 points -> 150 unique (1 new, 0 changed)
2026-09-16T04:56:51.349Z INFO     loader responses-2026-09-16T04.jsonl: 197 responses, 29550 points -> 346 unique (346 new, 0 changed)  [not marked: newest file]
